;pred;label;Edad;Ingresos;Número de hijos;Puntuación de crédito;Monto del seguro;start_date_day;start_date_month;start_date_weekday;Sexo_Masculino;Tipo de hogar_Departamento;Estado civil_Divorciado;Estado civil_Soltero;Estado civil_Viudo;Tipo de trabajo_Empresario;Tipo de trabajo_Independiente;Educación_Preparatoria;Educación_Universidad;Tipo de seguro_Hogar;Tipo de seguro_Salud;Tipo de seguro_Vida
0;0.14882643571058315;0;40;843237;1;791;7339;30;8;1;0;1;1;0;0;0;0;0;1;0;1;0
1;0.14882643571058315;0;44;796026;3;684;3898;28;11;0;0;0;0;0;0;1;0;0;0;0;0;1
2;0.14882643571058315;0;70;859665;4;436;1203;11;11;4;1;1;0;0;1;1;0;1;0;1;0;0
3;0.14882643571058315;0;76;215614;3;807;1156;29;3;1;0;0;1;0;0;1;0;0;1;0;1;0
4;0.14018892878938405;0;26;923520;0;584;6104;19;1;3;1;0;0;0;1;0;0;0;1;0;0;1
5;0.14882643571058315;0;51;529842;2;332;4849;23;3;2;1;0;0;0;1;1;0;1;0;1;0;0
6;0.14882643571058315;1;20;952405;2;565;1180;16;3;2;0;0;0;1;0;1;0;0;0;0;0;0
7;0.14882643571058315;0;26;168514;4;493;2401;4;3;5;1;1;0;1;0;0;1;1;0;0;1;0
8;0.14882643571058315;0;72;178601;0;757;1043;3;4;6;1;1;0;0;0;0;0;0;1;0;0;0
9;0.14882643571058315;0;35;183260;3;420;2204;31;5;1;1;1;0;1;0;0;1;1;0;0;0;0
10;0.14018892878938405;0;20;496690;0;688;8099;29;1;6;1;0;1;0;0;0;0;0;0;0;1;0
11;0.14882643571058315;0;72;258799;1;753;2649;16;9;4;1;1;0;1;0;0;1;0;0;0;1;0
12;0.14018892878938405;0;49;237076;2;749;2158;15;2;2;1;0;1;0;0;0;0;0;1;1;0;0
13;0.14882643571058315;0;67;713623;1;716;6064;14;3;0;0;1;0;1;0;0;0;0;0;0;0;0
14;0.14882643571058315;0;63;216052;4;616;2715;22;5;6;1;0;1;0;0;0;0;0;0;0;0;0
15;0.14018892878938405;0;41;618928;0;395;6961;7;2;1;0;1;0;1;0;0;1;0;1;1;0;0
16;0.14018892878938405;0;48;978066;4;356;6901;13;1;4;1;0;0;1;0;0;0;0;1;1;0;0
17;0.14882643571058315;0;28;157090;3;751;4152;10;4;6;0;0;0;0;1;0;1;1;0;0;0;0
18;0.14882643571058315;0;64;931472;4;335;2508;3;3;4;1;0;0;0;1;1;0;0;0;0;0;0
19;0.14882643571058315;0;57;236080;2;495;2231;21;4;3;0;0;1;0;0;0;0;0;1;0;0;1
20;0.14018892878938405;0;67;784198;3;492;2217;20;1;4;1;1;0;1;0;1;0;1;0;0;0;1
21;0.14018892878938405;0;21;399478;5;782;3655;17;2;4;1;1;0;0;0;0;0;1;0;0;1;0
22;0.14882643571058315;0;67;866439;5;502;4005;3;3;4;1;1;0;1;0;0;1;0;0;0;0;0
23;0.14882643571058315;0;77;376529;2;783;1882;19;12;0;0;1;0;1;0;0;1;0;0;0;0;1
24;0.14882643571058315;0;23;818928;1;701;7697;1;4;4;1;1;0;0;0;1;0;1;0;0;0;0
25;0.14882643571058315;0;47;924065;3;572;1717;26;12;0;0;1;0;0;1;1;0;0;0;0;0;0
26;0.14882643571058315;0;24;876467;1;818;4602;17;8;2;0;0;1;0;0;0;0;1;0;0;1;0
27;0.14018892878938405;0;72;716814;3;848;9903;16;1;0;0;1;1;0;0;0;0;0;0;0;1;0
28;0.14882643571058315;0;65;473890;1;364;2174;12;10;2;0;1;1;0;0;1;0;1;0;0;1;0
29;0.14882643571058315;0;37;332219;5;648;1718;7;11;0;0;1;0;0;0;1;0;0;0;0;1;0
30;0.14882643571058315;1;35;299399;1;410;3337;15;3;1;1;0;1;0;0;1;0;0;0;1;0;0
31;0.14882643571058315;0;49;379630;5;651;3723;26;7;1;0;0;0;0;1;0;0;0;0;0;0;0
32;0.14018892878938405;0;57;926866;1;672;4440;20;2;0;0;0;0;0;1;0;1;0;1;1;0;0
33;0.14882643571058315;1;41;215199;3;367;9742;7;7;3;1;1;0;0;0;0;0;0;0;1;0;0
34;0.14882643571058315;0;37;160133;3;336;9152;4;11;4;1;1;1;0;0;0;0;0;0;1;0;0
35;0.14882643571058315;0;61;752236;0;742;2981;12;7;1;0;0;0;0;0;0;0;0;0;0;0;0
36;0.14882643571058315;0;43;92831;3;608;7907;4;6;5;1;0;1;0;0;0;1;0;1;0;0;0
37;0.14018892878938405;0;76;843334;1;535;1655;18;2;5;0;1;0;1;0;0;0;0;1;0;0;0
38;0.14882643571058315;0;47;143293;0;735;2990;8;8;0;0;1;0;1;0;0;1;0;1;0;0;1
39;0.14882643571058315;0;63;317958;0;689;2109;23;5;0;0;1;1;0;0;1;0;0;0;0;0;0
40;0.14018892878938405;0;57;536747;4;630;1355;5;1;3;1;0;0;0;0;1;0;1;0;0;1;0
41;0.14882643571058315;1;33;912216;4;547;9090;24;3;3;1;0;0;0;0;0;1;0;1;1;0;0
42;0.14882643571058315;0;69;423137;2;420;6485;27;12;1;1;1;1;0;0;0;0;1;0;0;1;0
43;0.14882643571058315;0;36;693174;1;823;6590;26;3;5;0;0;0;0;0;1;0;0;1;0;1;0
44;0.14882643571058315;1;58;34252;4;575;8634;6;10;3;1;0;1;0;0;0;0;0;0;0;0;1
45;0.14882643571058315;0;37;93832;0;538;9676;20;6;0;1;0;0;0;1;0;0;0;1;0;0;0
46;0.14018892878938405;0;42;474717;4;566;9171;10;1;1;0;1;0;1;0;0;1;0;0;0;0;1
47;0.14882643571058315;0;39;853844;0;576;3548;17;3;3;0;1;0;0;0;1;0;1;0;0;0;1
48;0.14882643571058315;1;29;69816;2;422;1294;17;4;6;1;1;0;0;0;0;0;0;0;0;0;1
49;0.14882643571058315;0;29;737762;5;459;4510;5;8;4;0;1;0;0;0;0;1;0;1;0;0;1
50;0.14882643571058315;0;53;327663;0;467;7372;26;12;0;1;0;0;0;1;0;0;0;0;0;0;1
51;0.14882643571058315;0;35;999262;5;611;4560;6;10;3;1;1;0;1;0;0;1;0;1;0;0;0
52;0.14882643571058315;1;35;228216;4;568;9091;9;5;0;1;0;0;0;1;0;1;0;0;0;1;0
53;0.14882643571058315;1;28;818792;0;616;2716;13;11;6;1;1;0;1;0;0;1;0;1;0;0;1
54;0.14882643571058315;1;47;844990;0;496;6835;23;10;6;1;1;0;0;0;1;0;1;0;0;0;0
55;0.14882643571058315;0;78;429583;4;656;6223;5;12;0;0;0;0;0;1;0;1;0;0;0;1;0
56;0.14882643571058315;0;66;566481;2;453;7538;16;12;4;1;1;1;0;0;1;0;0;0;0;0;0
57;0.14882643571058315;0;76;514886;2;741;9054;7;5;5;1;0;0;0;0;0;1;1;0;1;0;0
58;0.14018892878938405;0;75;784144;3;384;6029;14;2;1;1;1;0;1;0;1;0;0;1;0;1;0
59;0.14882643571058315;0;24;634152;5;567;6324;22;4;4;0;0;0;1;0;0;1;0;0;0;0;1
60;0.14882643571058315;1;44;951064;1;354;8368;8;4;4;0;0;1;0;0;1;0;0;1;0;1;0
61;0.14882643571058315;0;61;321265;4;576;8764;13;8;5;1;0;1;0;0;0;1;0;1;1;0;0
62;0.14882643571058315;0;19;597332;2;543;2907;15;4;4;1;1;0;0;0;0;0;0;1;0;0;1
63;0.14882643571058315;0;76;611276;5;606;4423;8;8;0;1;0;0;1;0;1;0;0;0;0;0;0
64;0.14018892878938405;0;74;381767;0;703;2778;18;1;2;0;1;0;0;0;0;0;0;0;0;0;0
65;0.14882643571058315;0;50;194966;1;736;2854;24;6;4;0;0;0;0;0;0;0;1;0;0;0;1
66;0.14882643571058315;0;33;170000;2;821;9480;14;6;1;1;0;0;0;0;0;0;0;0;0;0;0
67;0.14882643571058315;0;44;893868;2;806;4796;17;11;3;0;1;1;0;0;0;0;0;0;0;0;1
68;0.14882643571058315;1;23;436722;2;491;9673;26;9;0;0;1;0;0;1;1;0;0;0;0;0;1
69;0.14018892878938405;0;19;582848;0;537;9264;19;1;3;1;1;0;0;0;0;0;1;0;0;0;0
70;0.14882643571058315;0;48;196802;4;756;5893;4;5;2;0;1;0;0;0;1;0;1;0;0;1;0
71;0.14882643571058315;0;76;391592;5;532;5927;11;5;2;1;0;1;0;0;0;1;0;0;0;0;0
72;0.14882643571058315;0;45;540068;1;721;3369;20;7;2;0;1;0;0;1;1;0;0;1;0;0;0
73;0.14882643571058315;0;31;960145;2;363;9453;24;7;6;1;0;0;1;0;0;1;1;0;1;0;0
74;0.14882643571058315;0;22;448521;0;464;6569;3;5;1;1;1;1;0;0;1;0;1;0;0;1;0
75;0.14882643571058315;0;71;935054;5;787;8106;16;10;6;1;0;0;1;0;0;0;0;0;1;0;0
76;0.14882643571058315;1;28;624892;1;325;3222;10;9;5;0;1;1;0;0;0;1;0;0;1;0;0
77;0.14018892878938405;0;52;174030;1;721;3462;10;2;4;0;0;0;0;1;0;1;1;0;0;1;0
78;0.14882643571058315;1;26;198454;5;395;6682;23;12;4;0;1;0;1;0;0;0;0;0;0;0;0
79;0.14882643571058315;0;54;167841;1;812;5535;5;4;1;1;0;0;0;0;0;1;0;1;0;0;0
80;0.14882643571058315;0;62;441812;2;689;4485;30;3;2;0;1;1;0;0;1;0;0;1;0;1;0
81;0.14882643571058315;0;64;661739;5;378;3984;21;4;3;0;0;0;0;1;0;0;0;1;0;0;1
82;0.14882643571058315;0;18;689795;5;570;3596;22;12;3;0;0;0;1;0;0;0;1;0;0;0;1
83;0.14882643571058315;0;51;672634;0;479;4659;7;12;2;1;1;0;0;0;1;0;1;0;1;0;0
84;0.14882643571058315;0;79;259411;3;629;7734;24;4;6;0;0;0;1;0;0;1;0;1;1;0;0
85;0.14882643571058315;0;49;523511;5;478;2705;14;10;4;1;0;0;1;0;0;0;0;1;0;0;0
86;0.14018892878938405;0;52;141726;4;517;7257;6;2;0;1;0;1;0;0;0;0;1;0;0;1;0
87;0.14018892878938405;0;57;842815;2;362;7961;17;2;4;1;1;0;0;1;1;0;0;1;0;0;1
88;0.14882643571058315;0;49;795957;4;330;3549;18;8;3;0;0;1;0;0;1;0;1;0;0;0;1
89;0.14882643571058315;0;41;35067;3;838;7532;26;4;1;1;0;0;0;0;0;1;0;1;1;0;0
90;0.14882643571058315;1;47;665929;1;811;2753;4;8;3;1;0;1;0;0;0;0;1;0;0;0;1
91;0.14018892878938405;0;44;380124;2;324;3865;31;1;1;0;0;0;1;0;0;1;1;0;0;0;1
92;0.14882643571058315;1;58;222370;2;558;7994;27;6;0;1;0;1;0;0;0;0;0;1;0;0;1
93;0.14882643571058315;0;55;388760;1;312;7463;21;10;4;1;1;1;0;0;0;1;0;1;0;0;1
94;0.14882643571058315;0;40;516889;0;372;1203;6;11;6;0;1;0;0;0;0;0;0;0;1;0;0
95;0.14882643571058315;0;20;45233;4;329;8689;23;8;1;1;1;0;1;0;0;0;0;0;0;1;0
96;0.14882643571058315;0;57;423616;3;455;7719;26;10;2;0;1;0;0;1;1;0;1;0;0;1;0
97;0.14018892878938405;0;39;705417;2;355;7847;24;2;4;0;1;0;1;0;0;1;0;1;1;0;0
98;0.14882643571058315;1;69;14149;1;694;2005;31;8;2;0;1;0;0;0;0;0;0;1;0;1;0
99;0.14882643571058315;0;46;912515;5;346;8924;14;3;0;1;1;1;0;0;0;1;0;1;0;1;0
100;0.14882643571058315;0;56;171167;2;430;9872;2;8;1;0;1;0;1;0;0;1;0;1;1;0;0
101;0.14882643571058315;1;66;220396;1;660;4838;11;12;6;1;1;1;0;0;1;0;0;1;0;0;0
102;0.14882643571058315;1;62;188439;3;379;2930;10;7;6;0;1;0;1;0;1;0;1;0;0;0;0
103;0.14882643571058315;0;80;564382;2;322;6811;7;12;2;0;1;0;0;0;0;0;1;0;0;0;0
104;0.14882643571058315;1;80;338108;5;751;4362;17;8;2;1;1;0;0;1;1;0;0;1;0;1;0
105;0.14882643571058315;0;32;826844;0;431;4759;27;4;2;0;0;0;0;1;0;1;0;1;0;1;0
106;0.14882643571058315;0;28;159925;4;797;5624;20;7;2;0;0;0;0;1;0;1;0;1;0;1;0
107;0.14882643571058315;0;76;616660;2;759;2765;14;12;2;0;1;0;0;0;0;0;0;1;0;0;1
108;0.14882643571058315;0;64;431679;4;375;2786;2;11;2;1;0;0;1;0;0;1;0;1;1;0;0
109;0.14882643571058315;0;50;522136;0;340;5011;25;11;4;0;0;0;0;0;0;1;0;0;0;0;1
110;0.14018892878938405;0;67;48033;3;397;8876;27;1;4;0;0;0;1;0;1;0;0;0;1;0;0
111;0.14882643571058315;0;58;564525;1;406;6815;6;3;6;1;1;0;1;0;1;0;1;0;0;0;0
112;0.14882643571058315;0;41;113673;3;381;9394;6;11;6;0;0;0;1;0;0;0;0;0;1;0;0
113;0.14018892878938405;0;46;137527;5;517;8167;1;2;2;1;0;0;0;0;0;1;0;1;1;0;0
114;0.14882643571058315;0;74;676460;2;413;8610;24;6;4;1;0;0;1;0;0;1;1;0;0;0;1
115;0.14882643571058315;0;33;173305;1;834;3708;26;8;4;1;1;1;0;0;1;0;1;0;0;1;0
116;0.14882643571058315;0;21;553812;1;301;5659;27;5;4;0;1;0;0;0;0;1;0;0;0;1;0
117;0.14018892878938405;0;58;784308;2;698;8029;28;2;1;0;1;0;1;0;0;0;1;0;1;0;0
118;0.14882643571058315;1;42;932119;4;782;7501;7;9;2;1;1;0;0;0;0;1;0;1;0;0;0
119;0.14882643571058315;0;69;959664;4;454;6393;3;12;5;0;0;0;0;1;0;0;0;0;0;0;0
120;0.14882643571058315;1;41;190603;1;823;9130;24;5;1;1;1;0;0;1;0;0;1;0;0;1;0
121;0.14882643571058315;0;71;958814;3;708;6434;17;8;2;1;1;0;1;0;0;0;0;1;1;0;0
122;0.14882643571058315;0;39;781747;5;486;9989;12;11;5;0;1;0;0;1;0;1;1;0;0;1;0
123;0.14882643571058315;0;49;904416;0;434;4814;25;11;4;0;0;0;0;1;0;0;0;1;0;0;1
124;0.14882643571058315;0;77;601672;3;311;4424;22;4;4;1;1;1;0;0;0;1;1;0;1;0;0
125;0.14882643571058315;0;21;75813;3;806;9854;30;8;1;1;0;0;1;0;0;1;0;0;0;1;0
126;0.14882643571058315;1;56;502487;1;332;6165;19;4;1;1;0;0;0;1;1;0;0;0;1;0;0
127;0.14882643571058315;0;62;992110;2;420;2935;25;6;5;0;1;1;0;0;0;0;0;0;1;0;0
128;0.14882643571058315;0;73;964005;5;569;1921;15;4;4;0;0;0;0;1;1;0;1;0;0;0;1
129;0.14882643571058315;0;29;872303;0;695;4540;8;4;4;1;0;0;1;0;0;0;0;0;0;0;1
130;0.14882643571058315;0;41;910688;0;554;9648;10;4;6;0;0;0;0;0;1;0;1;0;0;0;0
131;0.14882643571058315;0;24;723462;1;507;2763;10;5;1;0;1;1;0;0;1;0;1;0;1;0;0
132;0.14018892878938405;0;66;623287;5;554;9206;21;1;5;1;0;1;0;0;1;0;0;0;0;0;0
133;0.14882643571058315;0;66;825098;2;304;8723;27;10;3;0;0;0;1;0;1;0;0;1;0;1;0
134;0.14018892878938405;0;68;861828;2;381;3809;24;2;4;1;0;1;0;0;0;1;0;0;0;1;0
135;0.14882643571058315;0;60;288798;4;575;2339;4;6;5;0;1;0;0;0;0;0;0;0;0;1;0
136;0.14882643571058315;0;34;586031;3;702;1368;31;8;2;0;1;0;1;0;1;0;0;1;1;0;0
137;0.14882643571058315;0;57;203527;0;662;8380;26;10;2;1;0;0;1;0;0;0;0;1;1;0;0
138;0.14882643571058315;0;18;658358;5;363;5775;17;11;3;1;1;0;0;0;1;0;0;0;0;0;0
139;0.14882643571058315;1;36;314404;0;613;8197;20;6;0;1;1;1;0;0;0;0;1;0;1;0;0
140;0.14882643571058315;1;68;375732;1;676;8536;31;8;2;1;0;0;0;1;0;0;0;1;0;0;0
141;0.14882643571058315;1;40;33720;1;678;1159;20;12;1;1;0;0;1;0;0;1;0;0;1;0;0
142;0.14882643571058315;0;18;473164;2;762;6921;28;6;1;1;1;0;1;0;0;0;0;0;1;0;0
143;0.14882643571058315;0;49;956111;1;814;6861;16;10;6;1;1;0;1;0;0;1;1;0;0;0;1
144;0.14882643571058315;0;44;463743;1;406;3193;3;6;4;0;0;1;0;0;1;0;0;0;0;1;0
145;0.14882643571058315;0;29;308939;0;515;7685;21;8;6;0;0;0;0;0;0;1;1;0;0;0;1
146;0.14882643571058315;0;24;22582;5;554;5474;10;11;3;1;0;0;0;1;1;0;0;0;0;0;0
147;0.14882643571058315;0;78;857598;5;572;8792;25;12;6;1;0;0;0;1;0;0;1;0;0;0;1
148;0.14882643571058315;0;62;178956;2;308;7368;24;3;3;0;1;1;0;0;1;0;1;0;0;1;0
149;0.14882643571058315;0;80;87387;5;566;6630;9;3;2;0;0;0;0;1;0;1;0;1;0;0;0
150;0.14882643571058315;0;30;143716;4;550;7839;15;9;3;0;0;0;1;0;0;0;1;0;0;0;1
151;0.14882643571058315;0;75;686480;5;338;2105;10;8;2;1;0;1;0;0;0;0;1;0;0;0;1
152;0.14882643571058315;0;27;695908;0;457;2244;13;11;6;1;1;0;0;1;0;0;1;0;0;0;0
153;0.14882643571058315;0;22;72614;1;478;7121;10;9;5;1;0;0;1;0;0;1;1;0;0;0;0
154;0.14882643571058315;0;32;466821;4;363;6227;5;4;1;0;0;0;1;0;0;1;1;0;0;1;0
155;0.14882643571058315;0;66;897070;3;375;4705;10;7;6;0;1;0;0;0;0;0;0;1;0;0;0
156;0.14882643571058315;0;26;120858;0;381;7528;19;6;6;0;0;1;0;0;0;0;0;1;0;0;1
157;0.14882643571058315;0;77;906241;4;685;3527;20;4;2;0;0;1;0;0;0;1;1;0;1;0;0
158;0.14882643571058315;0;48;365355;2;776;5531;20;11;6;0;0;1;0;0;0;0;1;0;0;1;0
159;0.14018892878938405;0;38;567135;1;317;3046;2;2;3;1;1;1;0;0;0;1;0;0;0;0;1
160;0.14882643571058315;1;51;938336;4;370;8975;13;7;2;0;0;0;0;0;1;0;1;0;0;0;1
161;0.14882643571058315;0;32;244728;4;578;7187;2;11;2;0;0;0;0;1;0;1;1;0;1;0;0
162;0.14882643571058315;0;33;162781;2;807;6500;6;9;1;1;1;0;1;0;1;0;0;0;1;0;0
163;0.14882643571058315;1;62;599172;0;425;4407;28;6;1;0;1;0;0;0;1;0;0;1;0;1;0
164;0.14882643571058315;0;26;583423;4;685;9936;7;8;6;0;1;1;0;0;0;1;0;1;1;0;0
165;0.14882643571058315;0;34;199093;1;761;4077;13;6;0;1;1;0;1;0;1;0;0;0;0;0;1
166;0.14018892878938405;0;52;459106;4;370;1810;26;2;6;1;1;1;0;0;0;1;1;0;0;0;1
167;0.14882643571058315;0;41;567959;2;567;5193;3;11;3;1;1;0;0;1;1;0;1;0;0;0;1
168;0.14882643571058315;1;66;256443;3;325;1796;28;3;0;0;0;0;1;0;0;1;0;1;0;0;0
169;0.14882643571058315;0;58;512258;3;369;7134;21;10;4;1;1;0;0;0;0;0;0;0;0;0;0
170;0.14882643571058315;0;62;350240;1;308;8530;25;10;1;1;1;0;1;0;0;1;0;0;1;0;0
171;0.14882643571058315;0;39;946611;3;517;5223;9;5;0;0;0;0;1;0;0;0;0;0;1;0;0
172;0.14882643571058315;0;28;768833;1;804;5615;2;6;3;0;1;0;1;0;0;0;1;0;0;0;1
173;0.14882643571058315;0;46;961440;3;475;5891;26;9;0;0;1;0;0;0;1;0;1;0;0;0;1
174;0.14882643571058315;0;56;413849;4;353;5537;20;6;0;0;1;1;0;0;0;0;0;0;0;1;0
175;0.14882643571058315;0;64;859433;3;706;6138;3;8;2;0;1;1;0;0;1;0;0;0;0;1;0
176;0.14882643571058315;0;31;808564;4;381;4080;25;9;6;0;0;0;0;0;0;1;0;0;0;0;1
177;0.14882643571058315;0;25;22839;4;432;8606;29;9;3;1;0;0;1;0;0;1;0;1;0;0;1
178;0.14882643571058315;0;72;971395;2;306;9953;24;10;0;0;0;0;1;0;0;1;0;0;0;1;0
179;0.14882643571058315;0;42;530120;4;335;4529;2;8;1;0;0;1;0;0;1;0;0;1;0;0;0
180;0.14882643571058315;0;34;569388;0;738;5682;21;12;2;1;0;0;0;0;0;0;1;0;0;0;1
181;0.14882643571058315;0;38;812868;2;658;9870;2;7;5;0;0;1;0;0;0;0;0;1;0;1;0
182;0.14882643571058315;0;48;641764;1;810;5324;11;3;4;1;1;1;0;0;0;0;0;1;1;0;0
183;0.14882643571058315;0;28;625903;3;422;7248;3;7;6;0;0;1;0;0;0;1;0;1;0;0;1
184;0.14882643571058315;0;18;624660;0;499;1604;28;9;2;0;1;1;0;0;0;0;1;0;1;0;0
185;0.14882643571058315;0;76;59267;0;348;9418;10;3;3;1;0;1;0;0;0;0;0;0;0;0;0
186;0.14882643571058315;0;25;301710;1;784;3413;7;3;0;0;0;0;0;0;1;0;0;0;0;1;0
187;0.14882643571058315;1;41;634291;0;550;5933;14;4;3;1;1;0;0;1;0;1;0;0;1;0;0
188;0.14882643571058315;1;40;647471;0;486;5814;21;10;4;0;0;0;0;1;1;0;0;1;1;0;0
189;0.14882643571058315;0;30;584990;4;381;4638;4;6;5;1;0;0;0;1;1;0;0;0;1;0;0
190;0.14882643571058315;0;77;570491;5;610;8676;29;9;3;1;0;0;0;1;0;0;1;0;0;0;0
191;0.14882643571058315;0;67;541272;4;734;6657;9;7;5;1;1;1;0;0;0;1;1;0;0;0;0
192;0.14882643571058315;0;21;870847;2;364;9641;29;4;4;0;0;1;0;0;1;0;0;1;1;0;0
193;0.14882643571058315;0;60;587667;5;683;7700;5;9;0;1;1;1;0;0;0;1;1;0;0;1;0
194;0.14018892878938405;0;23;789140;0;795;7402;18;1;2;1;1;0;0;0;1;0;1;0;0;0;0
195;0.14018892878938405;0;50;586013;3;806;5009;30;1;0;1;0;0;1;0;0;0;0;0;1;0;0
196;0.14882643571058315;0;40;130241;5;676;5926;30;8;1;0;1;1;0;0;0;0;0;1;0;1;0
197;0.14882643571058315;0;77;873888;5;667;3866;27;10;3;1;1;1;0;0;0;1;1;0;0;0;1
198;0.14018892878938405;0;19;740202;2;381;6041;1;1;6;1;0;1;0;0;0;1;0;0;0;0;0
199;0.14882643571058315;1;79;741881;3;779;1169;27;5;4;0;1;1;0;0;0;0;0;0;0;0;0
200;0.14882643571058315;0;31;346750;2;747;3532;30;9;4;1;1;0;0;1;1;0;0;0;0;0;1
201;0.14882643571058315;0;60;85108;5;789;7599;25;11;4;1;0;0;1;0;0;1;1;0;0;0;1
202;0.14882643571058315;0;31;446208;1;793;8893;19;3;5;0;1;0;0;0;1;0;0;1;0;0;0
203;0.14882643571058315;1;32;543365;1;565;4468;6;8;5;1;0;0;1;0;1;0;1;0;0;0;0
204;0.14882643571058315;1;78;436629;4;634;4605;30;11;2;1;0;0;0;0;0;0;0;0;0;0;1
205;0.14882643571058315;1;27;314770;5;314;3479;1;5;6;1;0;1;0;0;0;1;0;0;0;1;0
206;0.14018892878938405;0;38;456134;3;420;6364;27;1;4;1;1;0;0;0;1;0;0;1;1;0;0
207;0.14882643571058315;0;25;200927;1;315;9258;24;8;2;1;1;0;0;0;0;0;0;0;0;0;0
208;0.14018892878938405;0;19;334960;2;664;9591;25;2;5;0;0;0;0;0;0;0;1;0;0;1;0
209;0.14018892878938405;0;18;469053;4;606;3783;22;1;6;1;1;1;0;0;1;0;0;0;0;0;0
210;0.14882643571058315;0;65;774578;0;348;6263;8;12;3;0;0;0;0;1;0;0;0;1;1;0;0
211;0.14882643571058315;0;24;394335;2;726;8418;26;12;0;0;0;0;0;0;1;0;1;0;1;0;0
212;0.14882643571058315;0;72;747578;5;645;4056;26;10;2;1;0;0;0;1;1;0;0;0;1;0;0
213;0.14882643571058315;1;22;204353;0;693;2328;8;3;1;0;1;0;1;0;0;0;0;0;0;1;0
214;0.14882643571058315;0;75;367448;2;842;7704;5;12;0;0;0;0;0;0;1;0;0;0;0;1;0
215;0.14882643571058315;0;38;822006;3;709;4397;17;9;5;0;0;0;0;1;0;0;0;1;1;0;0
216;0.14018892878938405;0;57;604532;2;842;5466;6;2;0;1;0;0;0;1;0;1;0;1;0;0;0
217;0.14882643571058315;0;69;556628;4;372;8360;21;9;2;1;0;1;0;0;0;0;0;1;0;1;0
218;0.14882643571058315;0;58;141519;1;466;6951;6;5;4;0;0;1;0;0;0;1;1;0;0;0;1
219;0.14882643571058315;0;49;368482;3;437;8752;23;4;5;1;1;0;1;0;1;0;0;1;0;1;0
220;0.14018892878938405;0;79;107316;3;728;2399;13;2;0;0;1;0;1;0;0;1;0;0;0;0;1
221;0.14882643571058315;0;64;935548;1;341;4233;10;8;2;1;0;0;1;0;1;0;0;0;1;0;0
222;0.14882643571058315;0;35;693746;5;462;2706;4;9;6;1;0;0;0;1;1;0;1;0;0;0;1
223;0.14018892878938405;0;47;163441;2;438;7551;27;1;4;0;0;0;1;0;0;1;1;0;0;0;1
224;0.14882643571058315;0;37;357381;4;440;4645;7;4;3;0;0;0;1;0;0;0;0;0;0;1;0
225;0.14882643571058315;0;60;955988;2;674;4457;19;11;5;0;0;0;0;0;1;0;0;0;0;0;1
226;0.14882643571058315;0;45;345782;0;383;3004;24;11;3;1;1;0;0;0;0;0;0;1;0;0;1
227;0.14018892878938405;0;38;889509;2;848;7144;18;1;2;0;1;0;1;0;1;0;1;0;1;0;0
228;0.14882643571058315;0;46;156328;5;812;7523;27;8;5;0;0;0;1;0;0;0;0;1;0;0;1
229;0.14882643571058315;0;63;748148;1;346;5415;12;7;1;1;1;0;0;0;0;0;1;0;0;0;1
230;0.14882643571058315;0;32;317249;1;474;7442;16;5;0;0;0;0;1;0;0;1;0;0;0;0;1
231;0.14018892878938405;0;28;40563;5;660;6034;19;2;6;0;0;0;0;1;1;0;0;1;0;1;0
232;0.14018892878938405;0;73;876099;1;536;5020;12;1;3;1;0;0;1;0;0;0;1;0;0;1;0
233;0.14882643571058315;0;18;291298;0;411;7541;14;3;0;0;1;1;0;0;0;1;1;0;0;0;0
234;0.14882643571058315;0;69;625344;3;412;3515;4;4;0;0;0;0;0;1;1;0;0;1;0;1;0
235;0.14882643571058315;0;79;828228;2;474;5655;5;4;1;1;0;1;0;0;1;0;1;0;0;1;0
236;0.14882643571058315;0;48;117710;2;785;5069;8;5;6;0;1;0;0;1;1;0;0;0;1;0;0
237;0.14018892878938405;0;59;191220;2;594;6896;10;1;1;1;0;0;0;1;0;1;1;0;0;1;0
238;0.14882643571058315;0;79;557059;4;365;3163;26;9;0;0;1;1;0;0;0;0;1;0;0;1;0
239;0.14882643571058315;1;22;481813;3;617;6748;1;5;6;1;1;0;1;0;1;0;0;1;0;0;0
240;0.14018892878938405;0;38;957836;0;700;6539;17;1;1;0;1;1;0;0;0;1;0;0;0;1;0
241;0.14882643571058315;0;61;239577;0;708;1651;31;8;2;0;1;0;0;0;1;0;1;0;0;0;1
242;0.14882643571058315;0;23;359635;0;776;2333;25;3;4;0;1;0;0;0;0;1;1;0;0;0;1
243;0.14882643571058315;0;65;646322;5;454;8889;30;11;2;1;0;0;0;0;1;0;1;0;0;1;0
244;0.14882643571058315;0;62;675497;4;428;7526;13;11;6;0;0;0;1;0;0;1;0;1;0;0;1
245;0.14882643571058315;0;77;451974;3;574;5847;16;8;1;0;0;1;0;0;0;1;1;0;0;0;0
246;0.14018892878938405;0;40;960411;2;338;8211;23;1;0;1;0;0;0;0;1;0;0;1;0;1;0
247;0.14882643571058315;0;52;225728;0;837;5949;18;6;5;0;0;0;1;0;1;0;0;0;0;0;0
248;0.14882643571058315;1;32;911537;0;641;5512;3;5;1;1;1;0;1;0;1;0;1;0;1;0;0
249;0.14882643571058315;0;38;336525;0;721;6991;7;12;2;0;1;0;0;0;0;0;0;0;0;0;1
250;0.14882643571058315;0;44;742807;2;508;3632;28;12;2;1;0;0;0;0;0;0;0;0;1;0;0
251;0.14882643571058315;1;37;159329;3;768;8910;3;7;6;0;0;1;0;0;1;0;0;1;0;0;0
252;0.14882643571058315;0;62;471451;4;487;3831;6;5;4;1;1;1;0;0;0;0;0;1;1;0;0
253;0.14882643571058315;0;78;478584;3;452;3350;10;7;6;1;1;0;0;0;1;0;1;0;0;1;0
254;0.14882643571058315;0;64;240877;5;457;1751;19;7;1;1;0;0;0;1;0;1;0;0;1;0;0
255;0.14882643571058315;0;77;596252;2;315;9238;6;7;2;0;0;0;0;1;0;0;1;0;0;1;0
256;0.14882643571058315;0;52;878825;1;675;1271;23;6;3;1;1;1;0;0;0;0;0;0;1;0;0
257;0.14882643571058315;0;55;452734;1;709;6321;10;7;6;0;0;0;1;0;0;0;0;0;1;0;0
258;0.14882643571058315;1;37;376093;0;384;6105;20;12;1;1;0;1;0;0;0;1;0;0;0;0;1
259;0.14882643571058315;0;52;864122;5;747;7849;6;3;6;0;1;0;1;0;0;1;0;0;1;0;0
260;0.14882643571058315;0;29;254349;3;802;7684;18;9;6;0;1;0;0;0;1;0;0;1;0;0;0
261;0.14882643571058315;0;40;451535;1;831;2895;5;4;1;0;0;0;0;0;0;0;0;1;1;0;0
262;0.14882643571058315;0;55;192946;4;344;7039;1;6;2;1;0;1;0;0;1;0;1;0;0;0;1
263;0.14018892878938405;0;42;817661;5;415;6452;28;1;5;1;0;0;0;1;0;0;1;0;1;0;0
264;0.14882643571058315;0;49;878588;0;781;8169;5;4;1;1;1;0;0;1;0;0;1;0;0;1;0
265;0.14018892878938405;0;64;93390;3;824;3059;6;2;0;0;1;0;0;1;0;0;0;0;0;1;0
266;0.14882643571058315;0;56;640963;2;658;7865;6;3;6;0;1;1;0;0;0;1;1;0;1;0;0
267;0.14882643571058315;0;64;268886;4;609;3244;12;4;1;1;1;0;0;0;1;0;0;1;0;0;1
268;0.14882643571058315;0;25;465211;1;524;9994;27;12;1;1;1;0;1;0;0;0;1;0;0;1;0
269;0.14882643571058315;1;78;310458;1;621;6194;9;7;5;0;0;0;0;1;0;1;0;0;0;0;0
270;0.14018892878938405;0;50;852428;0;592;3892;6;1;4;0;0;1;0;0;0;0;1;0;0;1;0
271;0.14882643571058315;0;59;533658;4;683;3773;28;8;6;0;0;0;1;0;0;1;0;0;1;0;0
272;0.14882643571058315;0;59;374936;3;767;3091;28;7;3;0;1;0;0;1;0;0;1;0;0;0;0
273;0.14882643571058315;0;40;521063;2;464;8766;7;10;4;0;0;0;1;0;0;1;0;1;0;0;1
274;0.14882643571058315;0;25;459616;4;821;5448;14;11;0;1;0;0;1;0;0;1;0;1;1;0;0
275;0.14018892878938405;0;21;57033;2;605;4732;27;1;4;0;1;0;1;0;0;1;0;0;0;1;0
276;0.14882643571058315;1;63;766193;4;835;1752;30;12;4;1;0;0;1;0;1;0;1;0;0;1;0
277;0.14882643571058315;0;39;466950;1;343;2311;18;9;6;1;1;0;0;1;0;0;0;0;1;0;0
278;0.14882643571058315;1;35;907281;1;342;2699;7;3;0;0;0;0;1;0;0;1;0;1;0;0;0
279;0.14882643571058315;0;54;895222;1;452;8494;10;5;1;1;0;0;0;0;1;0;0;0;0;0;0
280;0.14882643571058315;0;77;170545;5;477;9136;27;7;2;0;0;0;1;0;0;1;1;0;0;0;0
281;0.14882643571058315;0;29;918385;1;809;5426;18;11;4;0;1;1;0;0;0;0;0;0;0;0;0
282;0.14882643571058315;1;76;866084;1;837;7718;11;11;4;0;1;0;1;0;0;1;1;0;1;0;0
283;0.14882643571058315;0;63;34549;3;491;1514;19;11;5;1;1;1;0;0;0;1;0;0;0;0;1
284;0.14882643571058315;0;78;692294;3;839;5615;24;12;5;0;1;0;0;1;0;1;0;1;0;0;0
285;0.14882643571058315;0;29;214324;3;320;8388;21;5;5;0;0;1;0;0;0;1;0;0;1;0;0
286;0.14882643571058315;0;36;992572;2;640;8644;11;4;0;1;1;0;1;0;0;1;1;0;0;1;0
287;0.14882643571058315;0;69;256909;4;449;9643;21;3;0;0;1;0;0;0;1;0;1;0;0;1;0
288;0.14882643571058315;1;30;896268;2;378;4676;27;4;2;0;1;0;0;0;1;0;1;0;0;1;0
289;0.14882643571058315;1;55;657412;2;759;7197;5;9;0;0;1;0;0;0;0;1;0;0;0;0;0
290;0.14882643571058315;0;38;54637;2;654;8169;13;11;6;1;0;0;0;1;0;1;1;0;1;0;0
291;0.14882643571058315;0;71;172969;5;757;6323;23;3;2;1;0;0;0;0;0;1;1;0;0;0;0
292;0.14882643571058315;0;42;500235;3;529;4237;31;8;2;1;1;0;0;0;0;0;0;0;0;0;1
293;0.14882643571058315;0;69;954257;5;311;5424;4;10;1;0;0;0;0;0;0;0;0;0;0;0;0
294;0.14882643571058315;1;67;239609;2;808;2697;23;6;3;1;1;1;0;0;0;1;1;0;0;0;1
295;0.14882643571058315;0;18;531296;2;768;7925;28;3;0;1;0;0;0;0;0;0;1;0;1;0;0
296;0.14882643571058315;0;29;829314;4;657;8546;14;9;2;0;1;0;0;1;1;0;1;0;0;1;0
297;0.14882643571058315;0;35;154142;0;305;6675;7;8;6;0;1;0;1;0;0;1;1;0;1;0;0
298;0.14882643571058315;0;80;793780;2;673;6515;31;10;0;0;0;1;0;0;0;0;0;1;0;0;0
299;0.14018892878938405;0;52;426516;1;403;4851;19;1;3;1;1;0;1;0;0;1;1;0;0;0;0
300;0.14882643571058315;1;34;344425;2;439;6782;27;12;1;1;1;0;0;1;0;0;0;1;0;1;0
301;0.14018892878938405;0;62;319641;4;383;3368;7;2;1;1;0;0;0;0;1;0;0;0;0;0;1
302;0.14882643571058315;0;61;450265;5;741;6857;17;8;2;1;1;0;0;1;1;0;0;1;0;1;0
303;0.14882643571058315;0;53;629089;0;501;3600;11;3;4;1;1;0;0;0;0;1;1;0;1;0;0
304;0.14882643571058315;1;74;172696;0;584;7635;31;12;5;1;0;0;1;0;0;0;0;0;0;0;0
305;0.14882643571058315;0;31;842148;2;457;1545;29;12;3;0;1;0;0;1;1;0;1;0;0;1;0
306;0.14882643571058315;0;62;230655;0;535;3798;19;9;0;1;0;0;0;0;0;1;0;1;0;1;0
307;0.14882643571058315;0;42;483224;1;382;7322;26;7;1;0;1;1;0;0;1;0;0;0;0;0;1
308;0.14882643571058315;0;22;66006;5;632;5900;24;11;3;1;0;0;0;0;0;1;1;0;0;1;0
309;0.14882643571058315;0;34;482534;1;693;5982;25;12;6;0;1;1;0;0;1;0;0;0;0;0;0
310;0.14882643571058315;0;37;584372;5;797;6479;19;8;4;1;0;1;0;0;1;0;1;0;0;1;0
311;0.14882643571058315;0;40;154419;1;379;5271;4;8;3;0;1;0;0;0;0;0;0;0;0;1;0
312;0.14882643571058315;0;26;423212;4;427;6713;25;5;2;0;0;0;0;1;1;0;0;0;0;1;0
313;0.14882643571058315;0;24;949992;0;324;3435;4;4;0;1;0;0;1;0;0;1;0;0;0;0;1
314;0.14882643571058315;0;45;425504;5;566;8776;22;4;4;0;1;0;1;0;0;0;0;0;0;1;0
315;0.14882643571058315;1;35;258164;4;501;7160;18;5;2;1;0;1;0;0;0;0;0;1;0;0;0
316;0.14882643571058315;0;41;544706;0;490;1536;22;11;1;0;0;1;0;0;0;1;0;0;1;0;0
317;0.14882643571058315;0;35;878565;4;635;3824;6;6;0;0;0;0;0;1;0;1;0;1;0;0;1
318;0.14882643571058315;1;28;226871;0;823;4030;27;3;6;0;1;0;0;0;1;0;1;0;0;1;0
319;0.14882643571058315;1;46;396962;3;399;6072;8;6;2;0;1;1;0;0;0;0;1;0;0;1;0
320;0.14882643571058315;0;34;315119;5;683;4685;27;7;2;0;0;0;0;1;0;1;0;1;1;0;0
321;0.14882643571058315;0;21;352304;2;417;4857;7;3;0;0;1;0;1;0;1;0;0;1;0;0;0
322;0.14882643571058315;0;31;390082;4;542;2277;30;3;2;0;1;0;0;0;1;0;0;0;0;0;0
323;0.14882643571058315;0;53;372310;4;685;3541;16;5;0;0;0;0;1;0;0;1;0;0;0;1;0
324;0.14882643571058315;0;77;644874;2;642;6804;20;5;4;0;0;0;1;0;0;0;0;0;0;1;0
325;0.14882643571058315;0;22;479566;0;784;6490;2;7;5;0;1;0;0;1;0;1;0;1;1;0;0
326;0.14882643571058315;0;40;30718;3;342;5157;6;6;0;1;0;0;0;1;0;0;0;1;0;1;0
327;0.14882643571058315;0;36;651574;0;503;1316;1;10;5;0;1;0;0;0;1;0;0;0;1;0;0
328;0.14018892878938405;0;31;564853;3;403;5841;4;2;5;1;1;1;0;0;0;0;0;0;0;0;1
329;0.14882643571058315;1;41;17681;5;434;3493;29;12;3;0;0;0;0;1;0;1;0;1;0;0;1
330;0.14018892878938405;0;63;793475;2;749;2299;26;2;6;0;1;0;0;0;0;1;1;0;1;0;0
331;0.14882643571058315;0;45;554041;4;377;7412;15;6;2;0;0;0;1;0;1;0;1;0;0;0;1
332;0.14882643571058315;0;73;525998;4;632;2937;24;5;1;1;1;0;0;0;0;0;1;0;1;0;0
333;0.14018892878938405;0;64;109091;1;559;9188;15;1;6;1;1;1;0;0;0;0;1;0;1;0;0
334;0.14882643571058315;0;64;170511;4;835;9152;10;10;0;1;1;0;0;1;0;0;1;0;0;0;0
335;0.14018892878938405;0;43;610233;5;499;2314;28;1;5;1;0;0;0;1;0;0;0;0;0;1;0
336;0.14882643571058315;0;50;10830;2;359;1373;11;5;2;0;0;0;1;0;0;0;0;0;0;0;0
337;0.14882643571058315;0;41;626243;1;517;4344;21;7;3;0;0;0;0;0;0;1;0;0;0;0;1
338;0.14882643571058315;0;80;65986;0;338;9008;9;8;1;1;0;0;0;0;0;0;0;0;0;0;1
339;0.14018892878938405;0;70;693598;2;762;7820;14;2;1;0;0;1;0;0;1;0;0;0;1;0;0
340;0.14882643571058315;0;36;113096;0;634;3897;25;10;1;1;0;0;0;1;0;1;0;0;0;0;1
341;0.14882643571058315;0;58;396216;0;780;9178;12;8;4;0;1;1;0;0;1;0;0;0;0;0;0
342;0.14882643571058315;0;78;182695;5;658;5554;16;8;1;0;1;0;0;1;0;1;0;0;1;0;0
343;0.14882643571058315;0;37;336014;4;683;7966;12;6;6;0;0;0;0;0;0;0;1;0;0;0;0
344;0.14882643571058315;0;74;596372;2;834;4319;30;6;3;1;1;0;1;0;0;0;0;1;0;1;0
345;0.14882643571058315;0;51;409421;4;618;7713;29;4;4;1;1;1;0;0;0;0;1;0;0;1;0
346;0.14882643571058315;0;67;771059;0;601;6504;2;12;4;1;1;1;0;0;0;1;0;1;1;0;0
347;0.14882643571058315;0;59;626921;1;703;8911;22;4;4;0;0;0;0;0;0;1;1;0;0;0;0
348;0.14882643571058315;0;24;896156;3;334;8445;19;6;6;1;0;0;1;0;0;0;1;0;0;1;0
349;0.14882643571058315;1;43;601892;5;330;8958;29;8;0;1;0;0;0;1;1;0;1;0;0;0;1
350;0.14882643571058315;0;32;525882;4;404;7419;28;8;6;0;1;0;0;0;0;1;0;0;0;1;0
351;0.14882643571058315;0;73;361177;2;680;3641;25;4;0;1;1;0;0;0;0;0;1;0;0;0;1
352;0.14882643571058315;0;44;927116;5;441;4613;23;11;2;1;0;1;0;0;1;0;0;1;0;0;1
353;0.14882643571058315;0;52;462757;2;512;8372;9;5;0;1;0;0;0;0;0;1;0;1;0;0;0
354;0.14882643571058315;1;75;640675;0;380;2025;30;3;2;0;0;0;0;1;0;0;0;1;0;1;0
355;0.14882643571058315;0;22;908691;1;427;3947;22;8;0;1;0;0;0;1;0;1;0;1;1;0;0
356;0.14882643571058315;0;65;957127;3;637;8015;10;8;2;0;0;1;0;0;1;0;1;0;0;0;0
357;0.14882643571058315;0;52;201766;3;304;9538;1;3;2;0;0;1;0;0;1;0;0;1;1;0;0
358;0.14882643571058315;0;55;25233;2;828;9455;24;4;6;0;0;0;1;0;0;1;0;1;0;1;0
359;0.14882643571058315;1;20;787867;0;596;2617;26;9;0;0;0;0;0;1;0;0;0;0;0;0;1
360;0.14882643571058315;0;65;757340;2;379;8337;22;7;4;0;0;0;0;0;1;0;0;1;0;1;0
361;0.14882643571058315;0;22;111421;5;537;5827;7;9;2;0;1;0;0;1;1;0;0;0;0;1;0
362;0.14882643571058315;0;65;994728;0;788;7031;12;7;1;0;0;0;0;1;0;0;0;0;1;0;0
363;0.14882643571058315;0;75;470586;5;751;1706;8;8;0;0;0;0;1;0;1;0;0;0;0;1;0
364;0.14882643571058315;0;59;811612;5;780;7056;16;12;4;0;0;0;1;0;0;1;1;0;0;0;0
365;0.14882643571058315;0;52;780358;0;317;6949;19;8;4;0;0;0;1;0;0;0;0;0;1;0;0
366;0.14882643571058315;0;54;91149;4;533;3036;1;8;0;0;1;0;0;1;1;0;1;0;0;0;0
367;0.14882643571058315;1;37;660080;4;755;5006;5;11;5;1;1;0;0;1;0;1;0;1;0;1;0
368;0.14018892878938405;0;25;384381;0;736;5573;15;1;6;0;0;1;0;0;1;0;0;0;0;1;0
369;0.14882643571058315;0;50;655873;1;783;2188;24;12;5;1;1;0;1;0;0;0;0;0;0;0;0
370;0.14882643571058315;0;28;558900;3;556;1806;28;3;0;0;1;0;0;1;1;0;1;0;0;0;1
371;0.14882643571058315;0;30;331058;2;692;5732;19;10;2;0;0;1;0;0;0;1;1;0;0;0;0
372;0.14882643571058315;0;68;564543;4;718;3851;3;7;6;1;1;0;0;1;0;1;0;1;0;0;0
373;0.14018892878938405;0;21;801137;1;593;1158;5;1;3;0;0;0;1;0;0;0;0;0;0;0;0
374;0.14882643571058315;0;76;517444;3;540;5014;25;9;6;1;0;0;0;0;0;1;0;0;0;0;0
375;0.14018892878938405;0;46;25787;2;774;8507;8;1;6;0;0;0;0;0;0;1;0;0;0;1;0
376;0.14882643571058315;0;67;531466;3;849;3567;17;5;1;0;0;0;1;0;0;0;0;0;0;0;0
377;0.14882643571058315;0;61;742557;1;586;9447;19;7;1;1;1;0;0;0;1;0;1;0;0;0;1
378;0.14018892878938405;0;32;233664;0;711;3418;27;1;4;1;0;0;0;1;0;1;1;0;0;0;0
379;0.14882643571058315;0;29;494560;5;750;7535;29;10;5;1;0;0;0;0;1;0;1;0;0;1;0
380;0.14882643571058315;0;18;534907;4;508;8041;20;3;6;0;0;0;1;0;0;0;0;0;0;0;1
381;0.14882643571058315;0;31;346774;1;719;8396;17;11;3;1;1;1;0;0;1;0;1;0;0;0;1
382;0.14882643571058315;1;66;723078;5;373;8779;26;12;0;0;0;1;0;0;0;0;1;0;1;0;0
383;0.14882643571058315;1;46;162987;2;627;8814;15;7;4;1;1;1;0;0;1;0;1;0;1;0;0
384;0.14882643571058315;1;73;375061;2;503;7301;9;3;2;1;0;1;0;0;1;0;0;1;0;1;0
385;0.14018892878938405;0;47;426487;2;642;5110;6;2;0;0;0;0;1;0;1;0;0;1;0;0;0
386;0.14882643571058315;0;29;592366;0;407;2392;19;12;0;1;1;0;0;0;0;0;0;1;0;1;0
387;0.14882643571058315;1;54;730137;1;660;3621;16;12;4;0;0;0;0;1;0;1;1;0;0;0;1
388;0.14882643571058315;0;27;583170;1;573;4565;30;9;4;1;1;0;0;1;0;0;0;1;0;1;0
389;0.14882643571058315;1;19;607149;1;424;4585;10;8;2;1;0;1;0;0;1;0;1;0;0;0;0
390;0.14882643571058315;0;70;747318;3;537;2068;8;8;0;0;0;0;1;0;1;0;0;0;0;0;0
391;0.14882643571058315;0;74;157733;3;334;4715;2;11;2;1;0;1;0;0;1;0;0;0;0;0;1
392;0.14882643571058315;0;28;93610;1;501;7127;22;6;2;0;1;0;1;0;0;1;0;1;0;0;0
393;0.14018892878938405;0;55;819086;0;712;9105;16;1;0;1;0;0;0;0;0;1;0;1;0;0;0
394;0.14018892878938405;0;72;552234;2;474;3327;3;2;4;0;1;0;0;1;0;0;1;0;0;0;1
395;0.14882643571058315;0;36;297739;1;801;2369;30;12;4;1;1;1;0;0;0;0;0;1;0;1;0
396;0.14882643571058315;1;74;480611;1;663;1487;27;12;1;0;1;0;1;0;1;0;0;0;0;0;1
397;0.14882643571058315;0;37;210425;4;389;7902;8;11;1;0;0;0;0;1;0;0;0;0;0;0;0
398;0.14882643571058315;0;69;393368;4;524;1617;11;12;6;1;1;0;0;1;1;0;0;1;1;0;0
399;0.14882643571058315;1;56;844171;3;305;7051;27;5;4;0;0;0;0;1;0;0;0;1;0;0;1
400;0.14882643571058315;0;25;184970;2;522;7993;7;11;0;1;0;1;0;0;0;1;1;0;0;0;0
401;0.14882643571058315;0;41;741408;3;467;6438;15;9;3;0;1;1;0;0;0;1;1;0;0;0;0
402;0.14882643571058315;0;62;104858;4;515;5382;13;4;2;1;1;1;0;0;1;0;0;1;0;0;0
403;0.14018892878938405;0;27;900732;5;657;6002;24;2;4;1;1;0;0;1;0;0;0;1;0;0;0
404;0.14882643571058315;0;59;490383;5;428;2066;14;8;6;1;0;0;0;1;1;0;0;1;0;0;1
405;0.14882643571058315;0;67;293984;4;334;9505;14;5;5;0;1;1;0;0;0;1;0;0;1;0;0
406;0.14882643571058315;0;30;580221;3;839;4479;10;4;6;0;1;1;0;0;0;1;0;1;1;0;0
407;0.14882643571058315;0;64;937104;1;714;7574;7;3;0;1;1;0;0;1;1;0;1;0;0;0;1
408;0.14882643571058315;1;41;835123;3;470;6181;5;7;1;0;0;0;1;0;0;0;0;0;0;1;0
409;0.14882643571058315;0;34;222948;2;753;3423;17;10;0;1;1;0;0;1;1;0;0;1;0;0;1
410;0.14018892878938405;0;66;243258;2;775;1029;18;1;2;0;0;0;1;0;0;1;1;0;0;0;0
411;0.14882643571058315;0;72;590456;3;538;7441;15;3;1;1;0;0;0;1;0;0;1;0;0;0;0
412;0.14882643571058315;0;28;278771;3;729;5669;14;3;0;1;1;0;0;0;0;1;1;0;0;1;0
413;0.14882643571058315;0;36;435020;0;616;7728;5;3;6;0;1;1;0;0;1;0;0;1;1;0;0
414;0.14882643571058315;0;21;238991;1;759;9248;8;6;2;0;1;0;0;1;0;1;1;0;1;0;0
415;0.14882643571058315;1;70;630407;1;488;4379;20;6;0;0;1;1;0;0;0;0;0;0;1;0;0
416;0.14882643571058315;1;44;642495;2;798;6940;17;7;6;0;1;0;0;1;0;0;1;0;0;0;1
417;0.14882643571058315;0;34;657186;5;504;5882;8;12;3;1;0;1;0;0;0;0;0;0;0;0;1
418;0.14882643571058315;0;69;412014;1;451;5289;26;12;0;1;1;0;0;0;0;1;0;1;1;0;0
419;0.14882643571058315;1;26;378074;0;355;9990;13;5;4;1;1;0;0;1;0;1;1;0;0;0;0
420;0.14018892878938405;0;38;439578;3;787;4105;2;2;3;1;1;1;0;0;0;1;0;1;0;0;0
421;0.14882643571058315;0;76;110946;2;623;9402;14;7;3;1;1;1;0;0;0;0;0;0;0;0;1
422;0.14882643571058315;0;29;327695;3;781;9949;5;11;5;1;1;0;1;0;0;0;1;0;0;0;1
423;0.14018892878938405;0;79;829569;3;726;9485;10;2;4;1;1;0;1;0;0;1;1;0;0;0;1
424;0.14882643571058315;0;22;987809;4;712;1656;12;9;0;0;1;0;0;1;1;0;0;0;0;0;0
425;0.14882643571058315;0;62;701863;0;714;1165;8;10;5;0;1;0;0;1;0;1;1;0;1;0;0
426;0.14882643571058315;1;33;143245;4;768;8991;24;9;5;1;1;0;0;0;1;0;0;0;1;0;0
427;0.14882643571058315;0;52;922855;0;773;2194;16;5;0;0;0;1;0;0;0;0;0;0;1;0;0
428;0.14882643571058315;0;63;840621;3;560;3676;16;12;4;1;1;0;1;0;0;0;0;0;0;0;1
429;0.14882643571058315;1;59;548812;2;687;9522;13;4;2;0;0;0;1;0;0;1;0;1;0;0;1
430;0.14882643571058315;0;80;182205;5;509;7517;26;6;6;0;0;1;0;0;0;1;0;0;0;0;1
431;0.14882643571058315;0;45;123505;1;398;9314;3;9;5;0;0;0;0;0;0;1;1;0;0;0;1
432;0.14018892878938405;0;54;312318;1;650;9024;16;1;0;1;0;1;0;0;1;0;0;0;0;0;0
433;0.14882643571058315;0;62;173736;5;373;2496;28;7;3;0;0;0;0;0;0;0;1;0;1;0;0
434;0.14882643571058315;0;40;220629;2;555;6497;31;10;0;0;1;0;0;1;0;0;0;1;0;1;0
435;0.14882643571058315;0;41;132712;2;683;3946;3;12;5;1;0;0;0;0;1;0;0;0;1;0;0
436;0.14882643571058315;0;46;720940;5;373;6439;12;3;5;1;0;0;0;1;1;0;0;0;0;0;0
437;0.14882643571058315;0;35;671537;4;350;8614;9;6;3;1;1;0;0;0;0;1;0;1;0;0;0
438;0.14882643571058315;0;69;113659;3;548;3416;29;9;3;0;0;1;0;0;0;1;0;0;0;1;0
439;0.14882643571058315;0;46;988336;3;688;5514;13;11;6;1;1;0;1;0;0;1;1;0;1;0;0
440;0.14882643571058315;0;55;388928;4;542;5485;20;11;6;0;0;1;0;0;0;0;1;0;0;1;0
441;0.14882643571058315;0;50;536876;5;762;9602;19;8;4;1;0;0;0;0;0;0;0;0;0;0;0
442;0.14882643571058315;0;20;784527;5;806;1931;30;4;5;1;1;0;0;1;0;0;0;1;1;0;0
443;0.14882643571058315;0;25;594897;5;711;8553;5;4;1;1;1;0;0;1;1;0;0;0;0;1;0
444;0.14882643571058315;0;57;452412;4;736;9942;27;8;5;0;1;0;0;1;1;0;0;1;0;0;1
445;0.14882643571058315;1;64;275803;0;793;5418;18;5;2;1;0;0;0;1;0;1;1;0;0;0;0
446;0.14018892878938405;0;67;201019;0;796;4005;13;1;4;1;0;0;0;1;0;0;1;0;0;0;1
447;0.14018892878938405;0;65;818110;4;703;3231;16;2;3;1;1;0;1;0;0;1;0;0;1;0;0
448;0.14882643571058315;0;54;546697;0;613;5347;24;3;3;1;0;1;0;0;0;1;1;0;0;1;0
449;0.14882643571058315;0;74;559977;4;827;5700;29;12;3;0;1;1;0;0;1;0;0;1;0;0;0
450;0.14882643571058315;0;32;790030;2;757;7782;10;11;3;0;0;0;1;0;0;0;0;1;1;0;0
451;0.14882643571058315;0;31;956172;3;599;6465;20;11;6;0;1;0;0;1;0;0;0;1;0;0;1
452;0.14882643571058315;0;20;409222;0;806;4193;12;12;0;0;1;0;0;1;1;0;1;0;1;0;0
453;0.14882643571058315;0;40;639536;2;455;3280;21;7;3;1;0;0;0;0;0;0;0;0;0;0;1
454;0.14018892878938405;0;44;930255;2;394;7057;28;1;5;1;1;1;0;0;0;0;0;1;0;1;0
455;0.14882643571058315;0;63;838434;3;654;4716;23;9;4;0;0;1;0;0;0;0;1;0;0;0;1
456;0.14882643571058315;0;35;972426;4;429;9609;16;9;4;0;1;0;1;0;0;1;1;0;1;0;0
457;0.14882643571058315;0;74;253610;0;393;5817;24;11;3;0;1;1;0;0;0;0;1;0;1;0;0
458;0.14882643571058315;1;77;932766;5;431;2402;13;4;2;0;1;0;0;1;1;0;1;0;1;0;0
459;0.14018892878938405;0;74;877147;0;334;1691;18;1;2;0;0;0;0;0;0;1;1;0;1;0;0
460;0.14882643571058315;0;37;210097;4;626;4391;30;5;0;1;0;0;0;1;1;0;0;1;0;1;0
461;0.14882643571058315;0;23;178257;4;843;6751;4;3;5;0;1;1;0;0;0;0;0;0;0;0;0
462;0.14882643571058315;0;47;474424;3;794;6351;17;12;5;0;0;0;0;0;0;1;0;0;0;0;1
463;0.14882643571058315;1;59;84085;0;704;2481;28;9;2;0;1;0;0;0;0;1;0;1;0;1;0
464;0.14882643571058315;0;53;166995;4;615;6696;3;7;6;0;1;0;1;0;0;0;0;1;1;0;0
465;0.14882643571058315;0;41;684793;1;643;9130;18;5;2;1;0;0;0;0;1;0;0;0;0;0;1
466;0.14882643571058315;1;75;88148;4;709;4415;25;6;5;1;1;0;0;0;1;0;1;0;0;0;1
467;0.14882643571058315;1;46;680298;5;805;5500;12;7;1;1;0;1;0;0;1;0;0;1;0;0;1
468;0.14018892878938405;0;18;14628;5;323;5847;18;1;2;1;1;0;0;0;0;1;0;1;0;0;0
469;0.14882643571058315;0;69;618198;3;352;3308;1;11;1;1;1;0;0;1;0;0;1;0;0;0;1
470;0.14882643571058315;0;53;731407;3;468;2280;29;10;5;0;0;1;0;0;1;0;1;0;0;1;0
471;0.14882643571058315;0;20;65301;5;394;7982;30;4;5;1;1;1;0;0;0;0;0;1;0;0;0
472;0.14018892878938405;0;23;730286;2;547;6764;2;1;0;0;1;0;0;0;0;1;0;1;0;0;0
473;0.14882643571058315;0;52;173307;3;644;7686;1;9;3;1;0;0;0;0;1;0;0;1;1;0;0
474;0.14882643571058315;0;36;885748;4;759;8200;11;11;4;1;1;1;0;0;0;1;1;0;0;0;0
475;0.14882643571058315;0;58;549918;2;832;7160;30;4;5;1;1;0;1;0;0;1;0;0;1;0;0
476;0.14018892878938405;0;25;258503;1;338;1312;10;1;1;1;1;0;0;1;0;0;1;0;0;0;1
477;0.14018892878938405;0;65;334316;5;500;7728;16;1;0;0;1;0;0;0;1;0;1;0;0;1;0
478;0.14018892878938405;0;21;24637;1;747;5409;2;2;3;1;0;0;0;1;1;0;1;0;0;0;0
479;0.14882643571058315;0;60;477031;2;519;1164;9;11;2;0;1;0;0;1;1;0;0;0;0;1;0
480;0.14882643571058315;0;73;380551;4;651;5244;22;6;2;0;1;1;0;0;0;0;0;0;1;0;0
481;0.14882643571058315;0;68;693441;2;621;7883;2;10;6;0;1;1;0;0;0;0;0;0;0;0;1
482;0.14882643571058315;0;30;328295;1;345;6121;27;5;4;1;1;0;1;0;1;0;0;0;0;0;0
483;0.14882643571058315;0;33;700811;1;361;6249;7;5;5;1;1;1;0;0;1;0;1;0;0;0;1
484;0.14018892878938405;0;38;995016;0;312;4794;20;1;4;0;1;0;0;0;0;0;1;0;1;0;0
485;0.14882643571058315;0;75;303842;0;850;7058;14;3;0;0;0;0;0;1;0;0;0;1;0;0;1
486;0.14882643571058315;1;55;54787;1;359;5527;31;7;6;0;0;1;0;0;0;0;0;0;0;0;1
487;0.14882643571058315;0;30;908944;0;487;4875;27;4;2;0;0;0;0;0;0;0;0;0;0;0;1
488;0.14882643571058315;0;73;998159;2;479;3344;19;11;5;1;0;0;1;0;1;0;1;0;0;1;0
489;0.14882643571058315;1;20;63986;2;620;1282;13;8;5;1;1;1;0;0;0;0;1;0;1;0;0
490;0.14882643571058315;0;63;241784;0;620;5748;5;12;0;0;1;1;0;0;0;0;1;0;0;0;1
491;0.14018892878938405;0;28;387907;2;309;5313;31;1;1;1;1;0;1;0;1;0;0;0;0;0;0
492;0.14882643571058315;0;61;137396;1;601;9501;19;6;6;0;0;0;0;0;1;0;0;0;0;1;0
493;0.14882643571058315;0;20;365842;3;316;3688;17;8;2;1;1;0;0;0;1;0;1;0;0;1;0
494;0.14882643571058315;0;71;681027;3;370;9520;21;7;3;0;0;0;0;0;0;0;0;0;0;0;1
495;0.14882643571058315;0;30;758819;3;607;2271;1;3;2;0;0;1;0;0;0;1;0;1;0;1;0
496;0.14018892878938405;0;79;923113;1;732;7914;29;1;6;0;1;0;1;0;0;1;0;0;0;0;0
497;0.14882643571058315;0;76;110038;2;406;8342;26;8;4;1;0;0;0;1;0;1;0;1;0;1;0
498;0.14882643571058315;0;67;424318;4;715;9439;19;8;4;0;0;0;0;0;1;0;1;0;0;0;1
499;0.14882643571058315;0;46;250706;1;670;1763;23;11;2;1;1;0;0;0;1;0;0;1;1;0;0
500;0.14882643571058315;1;38;863039;0;723;3693;6;5;4;0;1;0;0;1;1;0;0;0;1;0;0
501;0.14882643571058315;0;26;215766;0;435;6470;9;12;4;0;0;1;0;0;0;1;0;1;0;0;0
502;0.14882643571058315;0;60;582085;4;317;8501;2;6;3;0;1;1;0;0;1;0;1;0;1;0;0
503;0.14882643571058315;0;31;43501;4;579;1980;2;3;3;0;0;0;1;0;0;1;1;0;0;0;1
504;0.14882643571058315;0;20;882638;1;306;5936;17;10;0;0;0;0;0;1;1;0;0;0;1;0;0
505;0.14882643571058315;0;78;304056;1;422;3350;13;8;5;0;1;1;0;0;1;0;1;0;0;0;1
506;0.14882643571058315;0;54;953297;1;470;2788;23;9;4;0;1;0;1;0;0;1;1;0;0;0;0
507;0.14882643571058315;0;77;538172;2;691;9595;29;10;5;0;0;0;1;0;0;1;1;0;1;0;0
508;0.14882643571058315;0;32;176447;0;767;6841;28;4;3;1;1;0;0;0;0;1;0;1;0;0;1
509;0.14882643571058315;1;33;246637;2;797;7546;11;6;5;0;1;0;0;1;1;0;1;0;1;0;0
510;0.14882643571058315;0;25;845225;2;741;1585;14;3;0;1;0;0;0;0;0;0;1;0;0;1;0
511;0.14882643571058315;0;79;957939;1;844;5453;15;9;3;1;1;0;1;0;0;1;1;0;1;0;0
512;0.14882643571058315;0;46;979357;4;533;4069;25;10;1;1;1;0;1;0;0;0;0;0;0;1;0
513;0.14882643571058315;0;42;957898;4;320;4502;23;9;4;0;0;0;0;0;0;0;0;1;0;0;0
514;0.14882643571058315;0;38;562252;1;498;2049;1;4;4;1;1;0;1;0;0;1;0;0;0;0;0
515;0.14018892878938405;0;65;936617;0;825;5269;16;1;0;1;0;0;0;0;0;1;0;1;0;0;0
516;0.14882643571058315;1;39;335838;3;301;9568;16;3;2;1;1;0;1;0;0;0;1;0;0;0;1
517;0.14882643571058315;1;76;234429;1;512;3491;19;11;5;1;0;0;0;1;0;0;0;0;0;0;1
518;0.14018892878938405;0;61;297188;5;464;4107;25;1;2;0;0;0;0;1;0;1;1;0;0;0;1
519;0.14882643571058315;0;58;945379;2;550;4949;29;9;3;1;0;1;0;0;0;1;0;1;1;0;0
520;0.14882643571058315;0;63;14789;3;688;5846;26;3;5;1;0;1;0;0;1;0;1;0;1;0;0
521;0.14882643571058315;0;36;972130;3;792;4992;11;3;4;1;0;1;0;0;1;0;0;1;0;0;1
522;0.14882643571058315;0;21;531758;5;536;5626;18;10;1;0;0;1;0;0;0;1;0;0;0;1;0
523;0.14882643571058315;0;67;635180;0;469;6634;4;11;4;1;1;0;1;0;0;1;0;0;0;1;0
524;0.14882643571058315;0;39;227190;5;668;4747;12;11;5;1;1;1;0;0;1;0;1;0;0;0;1
525;0.14882643571058315;0;79;315024;3;425;3343;13;3;6;0;0;1;0;0;0;0;0;0;0;1;0
526;0.14882643571058315;0;66;163875;1;734;9886;6;11;6;0;0;1;0;0;1;0;0;1;0;1;0
527;0.14882643571058315;0;41;447389;1;441;6672;5;5;3;1;1;1;0;0;0;0;0;1;1;0;0
528;0.14882643571058315;0;29;306194;2;802;4940;25;11;4;0;0;0;0;0;0;0;0;1;0;0;0
529;0.14882643571058315;0;49;11734;1;484;5905;24;11;3;1;1;1;0;0;0;1;0;1;0;1;0
530;0.14882643571058315;0;80;736030;1;462;6240;3;12;5;0;1;1;0;0;0;1;0;0;1;0;0
531;0.14882643571058315;0;27;63283;5;343;5338;20;3;6;0;0;0;1;0;0;0;1;0;0;0;1
532;0.14882643571058315;0;77;190316;2;439;2257;1;7;4;1;1;0;0;1;0;1;0;1;0;0;1
533;0.14882643571058315;0;73;580796;0;762;8235;15;3;1;0;1;0;0;1;1;0;0;0;0;0;1
534;0.14882643571058315;0;46;665354;4;445;6424;2;10;6;1;1;0;0;1;1;0;0;1;1;0;0
535;0.14018892878938405;0;54;53974;3;639;1649;26;2;6;0;1;1;0;0;1;0;0;1;0;0;0
536;0.14882643571058315;1;50;727292;1;503;5613;16;10;6;1;0;0;0;1;0;0;0;1;1;0;0
537;0.14882643571058315;0;59;308800;1;463;4789;5;12;0;1;0;0;0;1;1;0;1;0;0;1;0
538;0.14882643571058315;1;22;537297;5;487;4522;9;3;2;0;1;0;0;0;0;0;1;0;0;1;0
539;0.14882643571058315;1;31;889885;5;330;3568;15;9;3;0;0;0;0;0;1;0;0;0;0;1;0
540;0.14882643571058315;1;38;915257;4;678;6508;17;7;6;1;1;0;0;0;0;0;0;1;0;0;0
541;0.14882643571058315;0;63;408152;0;648;2772;4;4;0;0;0;1;0;0;0;1;1;0;0;0;1
542;0.14882643571058315;0;50;975970;1;472;2830;24;3;3;0;0;0;1;0;0;0;1;0;0;1;0
543;0.14882643571058315;0;55;349744;4;697;5832;13;12;1;0;0;1;0;0;0;0;0;1;0;0;0
544;0.14882643571058315;0;52;941175;4;628;6832;14;6;1;1;0;1;0;0;1;0;0;0;0;1;0
545;0.14882643571058315;0;34;474078;1;538;2501;30;12;4;1;1;0;1;0;1;0;1;0;0;0;1
546;0.14882643571058315;0;37;277384;2;711;4701;22;4;4;1;1;0;0;1;0;1;1;0;0;1;0
547;0.14882643571058315;0;65;81562;2;787;3036;12;10;2;0;0;0;0;0;0;0;1;0;1;0;0
548;0.14882643571058315;0;26;552621;2;653;4127;14;12;2;1;1;0;1;0;0;0;1;0;0;1;0
549;0.14882643571058315;0;67;739919;1;640;1693;24;6;4;0;1;0;1;0;1;0;1;0;0;0;1
550;0.14882643571058315;0;58;263833;3;699;6245;27;3;6;0;1;0;1;0;0;0;0;0;0;0;1
551;0.14018892878938405;0;23;619618;4;752;4986;20;2;0;0;0;0;0;1;0;0;0;1;0;0;0
552;0.14882643571058315;0;42;167576;5;311;6693;1;7;4;0;1;0;0;0;0;0;1;0;1;0;0
553;0.14882643571058315;0;34;408979;3;587;3108;4;12;6;0;0;0;1;0;0;1;0;1;0;0;1
554;0.14882643571058315;0;30;114175;2;423;6035;6;7;2;0;0;0;1;0;1;0;1;0;0;0;1
555;0.14018892878938405;0;59;76849;3;579;3847;19;2;6;0;0;0;1;0;0;1;1;0;0;1;0
556;0.14882643571058315;1;28;453223;5;522;1404;3;9;5;1;1;0;0;0;0;1;1;0;1;0;0
557;0.14882643571058315;0;44;331516;0;391;7248;1;12;3;0;1;1;0;0;0;0;1;0;0;0;1
558;0.14882643571058315;0;50;27926;1;348;8937;28;4;3;1;1;0;0;0;0;1;1;0;0;1;0
559;0.14882643571058315;0;44;521365;2;549;8369;4;3;5;0;0;1;0;0;0;0;0;0;0;1;0
560;0.14882643571058315;0;65;675338;2;715;8879;7;4;3;1;1;0;0;1;1;0;0;0;1;0;0
561;0.14882643571058315;0;19;254878;3;370;4428;8;9;3;0;0;1;0;0;0;1;0;0;0;0;0
562;0.14882643571058315;0;22;644985;5;486;6860;5;3;6;1;0;1;0;0;0;1;1;0;0;0;1
563;0.14882643571058315;0;20;591065;3;565;6970;9;12;4;0;1;0;1;0;1;0;0;0;0;1;0
564;0.14882643571058315;0;39;670624;0;452;7707;27;10;3;1;0;0;0;1;1;0;1;0;1;0;0
565;0.14882643571058315;1;59;351127;3;673;2423;2;6;3;0;0;1;0;0;0;1;0;1;1;0;0
566;0.14882643571058315;0;78;751163;0;506;4175;16;5;0;0;1;0;0;0;0;1;0;0;1;0;0
567;0.14882643571058315;0;20;455497;1;845;3420;28;4;3;0;1;1;0;0;1;0;0;1;0;1;0
568;0.14018892878938405;0;45;458034;1;405;5639;4;1;2;1;0;1;0;0;0;1;1;0;1;0;0
569;0.14882643571058315;0;70;233051;5;633;5427;10;3;3;1;1;0;1;0;1;0;0;1;0;1;0
570;0.14882643571058315;0;21;634772;4;743;8679;15;4;4;0;0;0;0;1;1;0;0;1;0;0;0
571;0.14882643571058315;0;63;28102;3;521;6412;26;3;5;1;0;0;0;1;0;0;0;1;0;0;1
572;0.14882643571058315;0;45;533281;1;452;8325;25;5;2;1;1;1;0;0;0;1;0;1;1;0;0
573;0.14882643571058315;0;18;323486;4;573;5030;12;8;4;1;1;0;1;0;0;1;1;0;0;1;0
574;0.14882643571058315;0;61;698776;4;664;7276;1;8;0;0;1;1;0;0;0;1;0;1;0;0;1
575;0.14882643571058315;0;65;169155;5;668;2818;1;6;2;1;0;0;0;1;0;0;0;1;0;1;0
576;0.14882643571058315;0;28;60810;0;301;6399;15;12;3;0;0;1;0;0;1;0;0;1;0;1;0
577;0.14882643571058315;0;45;922396;2;358;2922;5;12;0;1;1;0;0;1;0;1;1;0;0;1;0
578;0.14882643571058315;1;77;133690;4;771;4770;4;10;1;0;1;0;0;1;1;0;0;1;0;0;0
579;0.14882643571058315;0;72;356541;4;514;4920;9;9;4;0;0;0;1;0;1;0;0;1;0;0;0
580;0.14882643571058315;0;52;130488;5;815;2383;1;6;2;0;1;1;0;0;1;0;1;0;0;0;0
581;0.14882643571058315;1;61;538077;3;731;8735;20;8;5;1;0;0;1;0;0;0;0;1;1;0;0
582;0.14882643571058315;0;28;535827;3;818;3645;7;9;2;1;0;0;1;0;1;0;0;0;0;0;0
583;0.14882643571058315;0;51;162520;3;585;3971;2;5;0;0;0;0;1;0;0;0;0;0;1;0;0
584;0.14882643571058315;0;73;937029;4;437;4401;2;4;5;1;1;0;1;0;1;0;0;0;1;0;0
585;0.14882643571058315;1;41;587558;4;483;9282;11;6;5;1;0;1;0;0;0;0;0;0;0;0;1
586;0.14882643571058315;0;34;325760;0;418;4747;9;7;5;0;0;1;0;0;0;1;1;0;1;0;0
587;0.14882643571058315;1;37;692932;0;645;8710;18;12;6;1;0;0;0;1;1;0;1;0;0;0;1
588;0.14882643571058315;0;27;429170;3;827;6090;8;6;2;1;1;1;0;0;0;0;0;1;0;0;0
589;0.14882643571058315;0;24;766491;1;850;4837;17;9;5;1;0;0;0;0;0;0;0;0;0;0;0
590;0.14882643571058315;0;47;173622;2;719;5455;20;3;6;0;1;0;0;1;0;0;0;1;0;0;0
591;0.14882643571058315;1;47;231773;0;460;7799;15;9;3;0;0;0;1;0;1;0;1;0;1;0;0
592;0.14882643571058315;0;28;848065;5;374;4006;12;5;3;1;0;0;0;0;1;0;1;0;1;0;0
593;0.14882643571058315;0;53;223531;3;410;2485;30;5;0;0;0;0;0;0;0;0;1;0;1;0;0
594;0.14882643571058315;0;18;358382;1;460;9390;21;12;2;1;1;0;1;0;0;0;1;0;0;1;0
595;0.14882643571058315;0;55;412567;4;577;4746;3;9;5;0;0;0;0;1;1;0;0;1;0;0;0
596;0.14882643571058315;0;19;711497;5;660;2641;28;11;0;1;0;0;0;1;0;0;0;0;0;0;1
597;0.14882643571058315;0;21;469047;1;342;1058;23;5;0;0;1;0;0;1;0;0;1;0;0;0;0
598;0.14882643571058315;0;60;834348;5;547;6501;30;11;2;0;1;0;0;0;0;0;1;0;0;0;0
599;0.14882643571058315;0;49;724364;2;556;4126;27;6;0;0;1;0;0;0;0;1;0;1;0;1;0
600;0.14882643571058315;0;65;72263;5;356;2713;2;4;5;0;1;1;0;0;0;1;1;0;0;0;1
601;0.14018892878938405;0;76;670723;5;621;3707;6;2;0;0;1;0;1;0;0;0;0;0;1;0;0
602;0.14882643571058315;0;18;927922;2;833;5659;6;9;1;0;0;0;0;0;1;0;1;0;0;1;0
603;0.14882643571058315;0;50;485296;1;643;3198;20;3;6;1;1;0;0;0;1;0;0;1;0;0;1
604;0.14882643571058315;1;32;332578;1;506;6931;11;12;6;1;0;0;1;0;1;0;0;0;0;0;0
605;0.14882643571058315;0;25;667713;0;592;2531;18;3;4;0;0;1;0;0;0;1;0;1;0;1;0
606;0.14018892878938405;0;50;624622;0;610;7136;1;1;6;0;1;0;0;0;0;0;0;0;0;1;0
607;0.14882643571058315;0;23;927993;3;484;8205;27;3;6;0;1;1;0;0;0;1;1;0;0;1;0
608;0.14882643571058315;0;27;514930;4;467;5250;13;3;6;0;1;0;0;0;1;0;0;0;1;0;0
609;0.14018892878938405;0;53;24905;5;531;5775;18;1;2;1;1;0;1;0;0;0;1;0;0;1;0
610;0.14018892878938405;0;37;231684;5;574;5895;5;2;6;1;0;0;0;1;0;1;1;0;0;0;1
611;0.14882643571058315;1;57;762162;0;527;3111;4;9;6;1;1;0;0;1;0;0;0;1;0;1;0
612;0.14882643571058315;0;20;337847;2;340;7543;5;7;1;1;0;1;0;0;0;0;0;1;1;0;0
613;0.14018892878938405;0;79;584968;4;747;2148;4;1;2;0;0;0;1;0;1;0;0;1;0;0;0
614;0.14882643571058315;0;45;887087;0;509;1331;17;6;4;0;1;0;0;1;0;1;0;1;1;0;0
615;0.14882643571058315;0;39;955757;5;789;8668;9;3;2;1;0;0;1;0;0;1;0;0;0;0;1
616;0.14882643571058315;0;52;889231;2;735;4290;9;3;2;0;0;0;0;0;0;1;1;0;0;1;0
617;0.14882643571058315;1;54;467227;0;743;4372;17;10;0;0;1;0;1;0;0;0;0;0;0;0;0
618;0.14882643571058315;0;67;43318;4;706;3171;9;5;0;0;0;0;0;0;1;0;0;0;0;1;0
619;0.14882643571058315;0;46;149417;5;493;8660;30;9;4;0;1;0;1;0;0;1;0;0;0;0;1
620;0.14882643571058315;0;49;123853;0;628;6912;3;3;4;0;1;0;0;1;1;0;0;0;0;0;1
621;0.14882643571058315;0;30;862672;4;491;5876;15;8;0;0;0;0;0;1;1;0;1;0;1;0;0
622;0.14882643571058315;1;69;57682;4;363;7522;21;9;2;0;0;1;0;0;1;0;1;0;1;0;0
623;0.14882643571058315;0;26;104816;1;344;6076;24;12;5;1;0;0;1;0;0;1;1;0;1;0;0
624;0.14882643571058315;0;78;764479;5;840;8351;30;11;2;1;0;1;0;0;0;0;0;1;0;0;0
625;0.14018892878938405;0;77;667953;1;821;9806;16;1;0;1;1;0;0;1;0;1;0;0;0;0;1
626;0.14882643571058315;0;39;503771;4;574;8687;10;11;3;0;1;0;0;0;0;0;0;1;0;0;1
627;0.14882643571058315;0;71;67376;2;698;5882;29;7;4;1;1;1;0;0;0;0;0;0;0;0;0
628;0.14882643571058315;0;44;827709;4;505;8248;11;9;6;1;0;0;0;1;1;0;0;1;0;0;0
629;0.14018892878938405;0;64;440231;5;461;9815;30;1;0;0;1;1;0;0;0;0;1;0;0;0;1
630;0.14882643571058315;0;30;833815;0;432;5358;3;11;3;1;1;0;0;1;1;0;1;0;0;0;1
631;0.14882643571058315;0;21;319592;1;407;5700;3;11;3;0;1;0;0;0;0;0;0;1;1;0;0
632;0.14882643571058315;0;50;312950;4;431;6815;14;4;3;1;0;1;0;0;1;0;0;1;1;0;0
633;0.14882643571058315;0;47;868863;5;811;3442;30;8;1;0;0;0;0;1;0;1;0;1;1;0;0
634;0.14882643571058315;0;57;252015;5;408;1499;12;10;2;0;0;0;0;1;0;1;0;0;1;0;0
635;0.14882643571058315;0;58;603454;4;614;7907;28;6;1;0;1;0;0;0;0;0;0;1;0;0;0
636;0.14882643571058315;0;33;127361;2;718;6435;8;11;1;1;1;1;0;0;0;0;1;0;0;1;0
637;0.14882643571058315;0;25;272877;0;629;5191;13;10;3;1;1;0;0;0;1;0;0;1;0;0;0
638;0.14882643571058315;0;77;432706;4;369;1236;20;5;4;0;1;0;0;1;1;0;0;1;0;0;1
639;0.14882643571058315;0;71;112950;4;645;8471;22;4;4;1;0;1;0;0;0;1;0;0;0;1;0
640;0.14882643571058315;0;24;42638;5;483;2397;8;7;4;1;0;0;1;0;0;1;0;1;1;0;0
641;0.14882643571058315;0;28;547229;1;847;1481;14;9;2;1;0;0;0;1;0;1;0;0;0;1;0
642;0.14882643571058315;0;19;893339;3;757;4220;14;5;5;0;0;0;0;0;0;1;1;0;0;0;0
643;0.14882643571058315;0;47;52436;2;403;8210;1;12;3;1;1;0;0;1;0;0;0;1;0;0;1
644;0.14882643571058315;0;19;22330;4;345;3769;28;4;3;0;0;0;1;0;0;0;0;0;0;1;0
645;0.14882643571058315;0;53;244953;4;537;2920;19;6;6;0;0;1;0;0;0;0;0;0;0;0;0
646;0.14882643571058315;0;19;896507;2;448;9248;10;10;0;0;0;1;0;0;0;0;1;0;0;0;1
647;0.14882643571058315;0;47;755477;2;664;8629;12;6;6;1;0;0;0;1;1;0;1;0;1;0;0
648;0.14882643571058315;0;75;841569;0;731;2689;8;6;2;0;0;0;0;0;1;0;1;0;1;0;0
649;0.14018892878938405;0;58;93255;0;651;1947;7;1;5;1;0;0;1;0;1;0;0;0;0;1;0
650;0.14018892878938405;0;34;195041;3;601;9577;24;2;4;1;1;0;0;1;1;0;0;1;0;0;1
651;0.14018892878938405;0;65;425791;4;803;9205;4;2;5;1;0;0;1;0;0;0;0;1;0;1;0
652;0.14882643571058315;0;77;668307;0;361;5858;3;11;3;1;1;0;0;0;0;1;0;0;0;0;1
653;0.14882643571058315;0;79;609305;5;703;5251;11;3;4;1;0;0;1;0;0;1;1;0;0;0;1
654;0.14882643571058315;0;33;314190;0;566;2051;18;3;4;1;0;0;0;0;0;0;0;0;0;0;0
655;0.14882643571058315;0;50;100973;2;388;4170;24;3;3;0;0;0;0;1;0;0;0;0;0;0;1
656;0.14882643571058315;0;23;903696;4;757;4884;3;3;4;0;0;0;0;1;1;0;0;0;0;0;1
657;0.14018892878938405;0;41;740911;0;328;4731;3;2;4;0;0;0;0;0;1;0;0;0;0;0;0
658;0.14882643571058315;1;37;294951;4;469;4335;18;3;4;0;1;0;0;0;0;0;0;1;1;0;0
659;0.14882643571058315;0;21;171576;3;679;9801;2;5;0;0;1;0;1;0;0;0;0;0;0;0;1
660;0.14882643571058315;0;32;762779;2;741;7674;15;8;0;1;0;0;0;1;0;0;0;1;0;0;0
661;0.14882643571058315;1;24;640868;1;717;4275;23;5;0;0;0;0;0;1;0;0;1;0;0;0;0
662;0.14882643571058315;0;39;11160;3;315;6259;9;11;2;1;1;0;1;0;0;0;0;1;0;0;0
663;0.14882643571058315;0;20;559927;5;684;4027;16;7;5;0;0;1;0;0;0;0;0;1;0;1;0
664;0.14882643571058315;0;33;165785;2;849;6293;5;6;6;1;1;0;0;0;0;1;1;0;0;1;0
665;0.14882643571058315;0;75;85341;3;326;2807;19;6;6;0;1;0;0;0;0;1;0;0;0;0;0
666;0.14882643571058315;0;38;614704;5;344;5747;23;9;4;0;1;0;0;0;0;0;1;0;0;0;1
667;0.14882643571058315;1;77;865796;1;430;1838;27;12;1;1;1;0;0;0;0;0;0;0;0;0;1
668;0.14882643571058315;0;76;633661;2;844;9571;23;12;4;0;1;0;0;1;0;1;1;0;0;0;1
669;0.14018892878938405;0;27;658986;1;619;5294;6;2;0;1;0;0;0;0;1;0;0;0;0;0;0
670;0.14882643571058315;0;32;606551;1;769;5521;2;11;2;0;0;1;0;0;0;0;0;1;1;0;0
671;0.14882643571058315;1;42;797685;2;359;8588;23;11;2;1;0;0;1;0;0;1;0;1;0;0;0
672;0.14882643571058315;0;64;486149;1;653;5722;6;8;5;1;0;0;0;0;0;0;1;0;1;0;0
673;0.14882643571058315;0;68;238556;5;371;4027;29;3;1;0;0;0;0;0;0;1;1;0;1;0;0
674;0.14018892878938405;0;69;773912;3;654;1060;18;2;5;1;1;0;0;0;1;0;0;0;0;1;0
675;0.14882643571058315;0;64;833069;4;598;7277;30;4;5;1;0;0;1;0;0;0;0;0;0;0;1
676;0.14882643571058315;1;54;259155;2;697;7869;28;7;3;0;0;1;0;0;0;0;0;0;0;1;0
677;0.14882643571058315;1;20;111766;2;369;6912;11;3;4;1;0;0;0;1;0;1;1;0;0;0;1
678;0.14882643571058315;0;40;421095;3;337;3826;23;8;1;1;1;0;0;1;1;0;0;1;0;1;0
679;0.14882643571058315;0;62;624275;1;827;6295;21;8;6;0;0;0;0;0;1;0;0;1;0;1;0
680;0.14882643571058315;1;64;654187;5;404;9452;21;11;0;0;0;0;1;0;0;0;1;0;1;0;0
681;0.14882643571058315;0;53;816913;4;518;6536;22;8;0;0;1;0;1;0;1;0;1;0;0;1;0
682;0.14882643571058315;0;53;155323;3;425;8592;28;4;3;1;0;0;0;1;0;0;1;0;0;0;1
683;0.14882643571058315;0;32;580235;0;788;9164;28;5;5;1;0;0;0;1;0;1;1;0;0;0;0
684;0.14882643571058315;0;30;200786;0;770;9628;7;4;3;0;1;1;0;0;0;0;0;1;0;0;1
685;0.14882643571058315;0;43;641450;1;607;4165;16;12;4;0;0;0;1;0;0;1;0;0;0;0;1
686;0.14882643571058315;0;76;297148;1;806;6468;11;4;0;0;1;1;0;0;0;0;1;0;1;0;0
687;0.14882643571058315;0;61;237330;1;329;4837;1;5;6;0;0;0;0;1;0;1;1;0;0;1;0
688;0.14882643571058315;1;26;505119;2;702;3562;27;12;1;1;0;0;0;1;0;1;0;1;0;0;0
689;0.14882643571058315;0;27;679527;3;811;2370;20;4;2;0;1;0;0;1;0;0;0;1;0;1;0
690;0.14882643571058315;0;74;685125;1;432;8152;15;9;3;0;1;0;0;0;0;1;0;0;0;0;0
691;0.14882643571058315;0;31;281593;2;714;5854;2;9;4;1;1;0;0;1;0;1;0;0;0;0;0
692;0.14882643571058315;0;60;781839;0;531;2514;18;5;2;1;0;1;0;0;1;0;0;1;0;0;1
693;0.14882643571058315;0;67;757015;4;832;3917;4;9;6;1;1;0;1;0;0;0;1;0;0;1;0
694;0.14882643571058315;0;35;527723;1;784;3494;16;12;4;1;1;0;0;1;1;0;0;0;1;0;0
695;0.14882643571058315;0;72;629765;1;440;3261;23;12;4;1;0;0;0;0;1;0;0;1;1;0;0
696;0.14882643571058315;0;36;396371;5;579;2080;5;7;1;0;0;0;0;1;0;0;0;1;0;1;0
697;0.14882643571058315;0;39;355246;0;398;5834;27;3;6;0;0;0;0;1;0;1;0;0;0;0;1
698;0.14018892878938405;0;58;371377;4;608;3785;13;1;4;0;0;1;0;0;0;1;0;1;0;0;1
699;0.14882643571058315;0;18;393603;5;537;5579;23;6;3;1;0;0;0;0;0;0;0;1;0;0;1
700;0.14882643571058315;0;61;322492;0;829;1833;7;8;6;1;1;0;0;0;1;0;0;1;1;0;0
701;0.14882643571058315;0;72;780485;3;546;6036;16;4;5;1;0;0;1;0;1;0;1;0;0;0;0
702;0.14882643571058315;1;65;873281;2;824;1760;3;6;4;0;0;0;0;0;0;0;0;0;0;0;0
703;0.14882643571058315;0;28;109398;1;615;5070;7;4;3;1;0;0;0;1;0;1;1;0;0;1;0
704;0.14882643571058315;0;54;984304;3;727;8007;14;8;6;0;0;1;0;0;0;0;0;0;0;0;1
705;0.14882643571058315;0;69;583215;5;583;7892;30;10;6;1;1;0;0;0;0;1;0;0;0;1;0
706;0.14882643571058315;0;80;851971;4;461;6750;16;9;4;0;1;0;1;0;1;0;0;1;0;0;0
707;0.14882643571058315;0;66;108687;0;389;8902;13;8;5;1;0;0;0;1;0;1;1;0;0;1;0
708;0.14882643571058315;0;68;296608;1;629;8302;15;10;5;0;0;0;1;0;0;0;0;0;1;0;0
709;0.14882643571058315;0;28;364587;2;335;3738;8;10;5;0;1;0;0;1;1;0;1;0;0;0;0
710;0.14882643571058315;0;57;39609;2;729;6806;17;5;1;0;1;0;0;1;0;0;1;0;0;1;0
711;0.14882643571058315;0;78;851851;4;520;4507;27;9;1;0;1;0;1;0;0;0;1;0;1;0;0
712;0.14882643571058315;0;62;424843;1;426;7170;29;7;4;1;1;1;0;0;0;0;1;0;1;0;0
713;0.14882643571058315;0;23;488897;2;519;2573;21;7;3;1;0;0;0;1;0;0;1;0;0;0;0
714;0.14882643571058315;0;54;497175;1;421;7061;17;7;6;1;0;0;0;1;1;0;0;0;0;0;0
715;0.14882643571058315;0;28;445402;2;447;1249;10;11;3;0;1;1;0;0;1;0;0;0;0;0;0
716;0.14882643571058315;0;45;756586;5;606;5748;7;4;3;0;1;1;0;0;0;0;0;0;0;0;1
717;0.14882643571058315;0;59;417658;1;628;4904;31;12;5;0;1;0;1;0;0;1;0;1;0;1;0
718;0.14882643571058315;0;56;438862;4;557;2353;10;3;3;1;0;1;0;0;1;0;0;1;0;0;0
719;0.14882643571058315;0;24;937503;2;508;4123;15;6;2;1;0;1;0;0;0;1;1;0;1;0;0
720;0.14018892878938405;0;79;114367;1;667;8823;21;2;1;1;1;1;0;0;1;0;0;1;0;0;0
721;0.14882643571058315;0;60;762411;2;590;7627;18;8;3;1;1;0;1;0;1;0;1;0;0;1;0
722;0.14882643571058315;0;63;71323;5;745;7795;1;4;4;1;1;0;0;0;0;0;0;0;0;0;1
723;0.14882643571058315;0;29;907970;4;547;4486;21;8;6;1;0;0;0;1;0;1;0;0;0;1;0
724;0.14882643571058315;0;48;652623;4;740;1209;15;7;4;0;0;1;0;0;0;1;1;0;1;0;0
725;0.14882643571058315;1;21;837386;3;626;4311;21;3;0;1;0;1;0;0;0;1;1;0;1;0;0
726;0.14018892878938405;0;44;895298;4;574;5997;31;1;1;0;0;1;0;0;0;1;1;0;1;0;0
727;0.14018892878938405;0;50;978323;2;362;2225;22;1;6;0;0;1;0;0;0;0;0;1;0;1;0
728;0.14882643571058315;0;71;426395;4;389;1460;10;3;3;1;0;0;0;0;1;0;1;0;0;0;1
729;0.14882643571058315;1;78;952144;5;353;5031;24;8;2;1;1;1;0;0;0;1;0;0;0;0;0
730;0.14018892878938405;0;21;682377;1;430;1462;3;1;1;0;1;0;0;0;1;0;1;0;0;0;0
731;0.14018892878938405;0;27;873168;4;633;5748;15;1;6;0;1;0;0;1;1;0;0;0;0;0;0
732;0.14018892878938405;0;34;640402;0;635;8209;8;1;6;0;1;0;0;1;1;0;0;0;0;0;0
733;0.14018892878938405;0;46;983691;5;698;7970;10;2;4;1;1;0;0;1;0;0;1;0;1;0;0
734;0.14882643571058315;0;34;324542;5;424;1301;21;11;0;1;0;0;0;1;1;0;1;0;1;0;0
735;0.14882643571058315;0;25;594919;3;523;8128;22;3;1;1;0;0;0;1;1;0;1;0;0;0;0
736;0.14882643571058315;0;38;139974;1;413;6930;19;10;2;0;0;0;1;0;0;1;1;0;0;0;1
737;0.14882643571058315;1;30;270965;2;756;3660;11;9;6;0;0;0;1;0;1;0;0;1;0;1;0
738;0.14882643571058315;0;61;183631;5;548;4311;18;10;1;0;1;0;0;0;0;1;0;0;0;1;0
739;0.14882643571058315;0;62;441667;2;672;5610;16;7;5;1;0;0;0;0;0;0;1;0;0;0;1
740;0.14882643571058315;0;20;110571;5;449;7299;27;5;4;1;0;0;0;1;0;1;0;1;0;1;0
741;0.14882643571058315;1;39;604494;0;483;1334;13;4;2;0;0;1;0;0;0;1;1;0;0;1;0
742;0.14018892878938405;0;60;702837;1;375;6744;8;2;2;1;1;0;1;0;0;1;0;1;0;1;0
743;0.14018892878938405;0;62;16199;1;366;8040;8;2;2;1;0;1;0;0;0;1;1;0;0;0;1
744;0.14882643571058315;0;79;983657;2;448;7418;18;10;1;0;0;0;0;1;0;1;1;0;0;1;0
745;0.14882643571058315;0;75;136953;3;735;8283;3;7;6;1;1;0;0;0;1;0;0;1;0;0;0
746;0.14882643571058315;0;62;521333;1;336;2502;21;9;2;0;0;0;0;1;0;0;0;0;1;0;0
747;0.14882643571058315;0;75;707263;1;525;3411;9;7;5;1;1;1;0;0;0;0;0;0;0;1;0
748;0.14882643571058315;0;31;551774;1;789;7329;18;6;5;0;0;1;0;0;0;0;0;0;1;0;0
749;0.14882643571058315;0;45;585966;0;355;4187;11;4;0;1;1;0;0;1;0;0;0;0;0;0;1
750;0.14882643571058315;0;54;48860;2;638;8305;26;6;6;0;0;0;0;0;0;0;0;1;0;0;1
751;0.14018892878938405;0;63;496714;0;538;3515;1;1;6;1;1;0;1;0;0;1;0;1;1;0;0
752;0.14882643571058315;0;78;214123;2;432;3334;1;11;1;0;1;0;0;0;0;0;1;0;0;1;0
753;0.14882643571058315;0;28;755895;5;723;5369;3;4;6;1;0;0;0;0;1;0;0;0;1;0;0
754;0.14882643571058315;0;61;551410;4;676;2124;29;12;3;1;1;1;0;0;0;0;0;0;0;0;1
755;0.14018892878938405;0;35;232303;4;339;6335;13;2;0;1;1;0;1;0;1;0;0;1;1;0;0
756;0.14882643571058315;1;71;545929;2;675;6919;29;6;2;1;0;0;1;0;0;0;1;0;1;0;0
757;0.14882643571058315;0;47;220941;4;569;4675;30;8;1;1;0;0;0;1;0;0;0;0;0;0;0
758;0.14882643571058315;1;64;907831;2;683;8791;4;12;6;0;1;0;0;0;0;0;0;0;0;0;0
759;0.14018892878938405;0;19;822702;4;567;8128;2;1;0;1;0;0;0;0;1;0;1;0;0;0;1
760;0.14882643571058315;0;40;816926;4;340;8703;2;3;3;0;1;0;0;0;0;1;0;1;1;0;0
761;0.14882643571058315;0;62;102246;4;664;2521;31;10;0;0;1;0;0;1;0;1;1;0;1;0;0
762;0.14882643571058315;0;37;532015;2;449;8696;29;10;5;1;1;0;1;0;1;0;1;0;0;0;0
763;0.14882643571058315;1;33;537143;5;810;5782;10;10;0;1;1;1;0;0;0;0;1;0;0;0;1
764;0.14882643571058315;1;42;199170;5;707;8396;5;10;2;1;0;0;0;1;0;0;0;0;0;1;0
765;0.14018892878938405;0;44;612116;0;363;1662;16;2;3;0;1;0;0;1;1;0;1;0;0;0;0
766;0.14882643571058315;1;54;476659;4;817;8611;1;7;4;0;0;0;1;0;1;0;0;1;0;0;1
767;0.14882643571058315;0;55;211803;2;690;8638;2;3;3;0;1;0;0;0;0;0;1;0;0;0;0
768;0.14882643571058315;0;22;69238;2;584;4618;9;10;6;0;0;0;0;0;0;0;0;1;0;1;0
769;0.14882643571058315;1;53;148987;0;619;1551;27;6;0;0;0;0;0;0;0;1;1;0;1;0;0
770;0.14882643571058315;1;71;787967;1;644;7823;18;4;0;0;0;0;0;1;0;1;0;0;0;0;1
771;0.14882643571058315;0;20;974822;3;606;7556;16;12;4;1;1;0;0;0;1;0;1;0;0;0;0
772;0.14882643571058315;0;49;996067;0;350;2336;23;12;4;1;1;1;0;0;0;0;0;0;0;0;0
773;0.14882643571058315;0;47;667414;5;347;9582;1;8;0;0;0;1;0;0;0;0;1;0;0;0;1
774;0.14882643571058315;0;65;81754;3;514;7197;26;12;0;1;1;1;0;0;0;1;1;0;0;1;0
775;0.14882643571058315;0;65;881573;1;341;8559;8;9;3;1;0;0;1;0;0;1;0;1;0;1;0
776;0.14882643571058315;0;58;412359;0;805;8429;5;7;1;1;1;1;0;0;0;0;1;0;0;0;0
777;0.14882643571058315;0;44;603074;0;658;5372;12;6;6;0;1;0;1;0;0;0;1;0;1;0;0
778;0.14882643571058315;0;75;755195;2;582;1768;5;5;3;0;1;0;1;0;0;0;0;1;1;0;0
779;0.14882643571058315;0;64;649235;5;686;6172;22;9;3;0;1;0;0;0;0;1;0;0;1;0;0
780;0.14882643571058315;1;25;349433;1;717;6865;4;11;4;1;0;0;0;1;0;0;1;0;1;0;0
781;0.14018892878938405;0;66;20172;3;420;8941;5;1;3;0;0;0;0;0;1;0;1;0;1;0;0
782;0.14018892878938405;0;74;388936;0;315;2110;14;1;5;1;0;1;0;0;1;0;0;0;1;0;0
783;0.14018892878938405;0;55;133342;2;751;9057;23;1;0;0;1;0;1;0;1;0;0;0;0;0;0
784;0.14882643571058315;0;70;491911;5;813;6643;17;7;6;0;0;1;0;0;1;0;0;1;0;0;1
785;0.14882643571058315;0;32;500340;0;416;9161;12;10;2;0;0;0;1;0;0;0;0;0;0;0;0
786;0.14018892878938405;0;37;749728;0;312;2617;29;1;6;1;1;1;0;0;0;1;0;0;0;0;0
787;0.14882643571058315;0;37;765863;2;348;6638;18;8;3;1;1;0;0;0;0;1;0;0;0;0;1
788;0.14882643571058315;0;78;627389;1;453;4342;14;3;0;0;1;1;0;0;1;0;0;1;0;1;0
789;0.14882643571058315;0;36;374503;0;577;6053;7;8;6;1;1;0;0;1;1;0;1;0;0;1;0
790;0.14882643571058315;0;31;183346;4;500;7035;13;9;1;0;1;0;0;1;0;0;0;0;1;0;0
791;0.14882643571058315;0;67;22980;2;764;5903;27;12;1;0;0;0;1;0;0;0;0;1;0;1;0
792;0.14882643571058315;0;25;610907;4;692;7374;24;9;5;1;0;0;0;0;0;0;0;0;1;0;0
793;0.14882643571058315;0;28;835900;0;735;4412;8;12;3;1;1;0;0;0;0;0;1;0;0;0;0
794;0.14882643571058315;0;55;558126;2;407;8186;18;12;6;1;1;1;0;0;0;1;0;0;0;0;1
795;0.14882643571058315;0;45;938221;5;833;2938;28;10;4;1;1;0;1;0;0;0;1;0;0;1;0
796;0.14882643571058315;0;75;71927;0;308;4035;22;8;0;0;1;1;0;0;1;0;0;0;0;0;1
797;0.14882643571058315;0;20;468588;5;535;6616;7;12;2;0;1;1;0;0;1;0;0;1;0;1;0
798;0.14018892878938405;0;67;181194;2;819;9995;17;1;1;1;0;0;0;0;1;0;0;0;0;1;0
799;0.14882643571058315;1;77;680708;5;544;3219;14;4;3;0;1;0;0;0;0;0;0;0;0;1;0
800;0.14882643571058315;1;24;239773;5;844;6308;31;8;2;0;0;0;0;1;0;1;0;1;1;0;0
801;0.14882643571058315;0;63;357214;3;775;5606;9;9;4;1;1;1;0;0;0;1;0;1;1;0;0
802;0.14882643571058315;0;53;656971;2;507;9156;25;9;6;1;1;0;1;0;1;0;1;0;0;1;0
803;0.14882643571058315;1;25;748296;5;432;8751;4;5;2;0;1;1;0;0;1;0;0;0;0;0;1
804;0.14018892878938405;0;75;598756;0;354;3547;14;2;1;0;0;0;0;1;0;0;1;0;0;1;0
805;0.14882643571058315;0;61;240502;0;839;2724;17;4;6;1;0;0;1;0;0;1;0;0;0;1;0
806;0.14018892878938405;0;35;50817;4;530;4893;16;1;0;0;1;0;0;1;1;0;0;0;0;0;1
807;0.14018892878938405;0;75;960430;3;592;5290;10;2;4;1;1;0;1;0;0;1;0;0;1;0;0
808;0.14018892878938405;0;54;297336;2;558;2711;17;1;1;0;1;1;0;0;0;0;0;0;0;0;1
809;0.14882643571058315;0;27;732412;4;602;3219;30;4;5;0;0;0;0;1;1;0;1;0;0;0;1
810;0.14018892878938405;0;48;325609;0;450;3429;10;2;4;1;0;1;0;0;1;0;0;1;0;1;0
811;0.14882643571058315;0;38;860168;5;357;6332;30;3;2;0;0;1;0;0;0;0;0;0;0;0;1
812;0.14882643571058315;0;46;337112;2;526;4966;25;8;3;1;0;0;1;0;1;0;1;0;0;1;0
813;0.14882643571058315;0;41;755353;5;675;1939;23;11;2;0;0;0;0;1;1;0;0;1;0;0;0
814;0.14882643571058315;1;65;745413;5;381;5314;6;5;4;0;1;1;0;0;0;1;0;1;0;1;0
815;0.14018892878938405;0;34;877374;1;789;3905;24;1;1;1;1;0;0;1;0;0;0;1;0;1;0
816;0.14882643571058315;0;69;609166;3;776;2535;7;7;3;1;0;0;1;0;0;1;0;0;1;0;0
817;0.14018892878938405;0;41;278836;2;670;7234;28;2;1;1;1;1;0;0;1;0;1;0;0;0;0
818;0.14882643571058315;0;48;614657;2;300;9377;13;11;6;1;1;0;1;0;1;0;0;0;0;0;1
819;0.14882643571058315;0;53;853165;3;782;1328;19;9;0;1;0;0;0;1;0;0;0;0;1;0;0
820;0.14882643571058315;0;47;719813;5;322;6885;6;10;3;0;1;0;0;0;0;0;0;0;0;0;0
821;0.14882643571058315;0;44;966309;4;357;8047;7;10;4;1;1;0;0;1;0;1;0;1;0;1;0
822;0.14018892878938405;0;71;850971;4;482;8083;8;1;6;0;0;0;0;1;0;0;0;0;0;1;0
823;0.14882643571058315;1;33;413753;1;564;7538;27;7;2;1;1;0;0;1;0;0;1;0;0;0;0
824;0.14882643571058315;0;73;734421;4;418;6808;2;7;5;1;1;1;0;0;0;1;0;0;0;1;0
825;0.14882643571058315;0;75;371511;5;839;7586;1;10;5;1;1;0;0;1;0;0;0;1;0;0;0
826;0.14018892878938405;0;43;479160;2;767;1943;30;1;0;1;1;1;0;0;0;0;0;1;0;0;0
827;0.14018892878938405;0;73;959153;0;616;4933;17;1;1;1;0;0;0;1;0;0;1;0;0;1;0
828;0.14018892878938405;0;67;15461;3;611;4604;8;2;2;1;1;0;1;0;0;0;0;1;0;0;1
829;0.14882643571058315;0;48;29037;2;333;5544;11;4;0;1;0;0;1;0;0;0;1;0;0;0;1
830;0.14882643571058315;0;36;598272;4;668;6719;13;11;6;0;0;0;0;1;0;1;1;0;0;0;0
831;0.14882643571058315;1;62;605728;2;318;1356;27;10;3;0;0;1;0;0;0;1;0;0;0;1;0
832;0.14882643571058315;0;54;691594;1;836;8052;3;8;2;1;1;0;0;1;0;1;0;1;0;0;0
833;0.14882643571058315;0;25;243045;0;407;7988;23;7;5;1;0;0;0;1;0;0;0;1;0;1;0
834;0.14882643571058315;0;33;96801;3;546;8256;20;12;1;1;1;1;0;0;1;0;1;0;0;1;0
835;0.14882643571058315;0;60;964905;3;520;8706;23;9;4;1;1;0;1;0;0;0;0;0;1;0;0
836;0.14882643571058315;0;67;247360;3;578;3126;18;11;4;0;1;0;1;0;0;1;0;1;0;0;0
837;0.14018892878938405;0;59;520181;5;791;6830;1;1;6;0;0;0;0;1;0;0;0;1;0;0;1
838;0.14882643571058315;0;59;323781;2;395;1102;30;10;6;1;1;0;0;0;0;1;0;0;0;1;0
839;0.14882643571058315;0;74;469146;5;414;8387;7;4;3;1;0;0;0;0;0;0;0;0;0;0;1
840;0.14882643571058315;0;61;476761;5;379;8456;31;8;2;0;0;1;0;0;0;0;1;0;1;0;0
841;0.14882643571058315;0;47;575369;2;523;4615;12;9;0;0;0;0;0;1;0;1;0;0;0;1;0
842;0.14882643571058315;0;32;335679;2;526;6052;30;5;0;0;0;0;0;1;0;1;0;0;0;0;1
843;0.14882643571058315;0;35;318188;5;787;3143;24;7;6;1;0;0;0;0;0;0;1;0;0;0;0
844;0.14882643571058315;0;53;256179;4;787;3181;26;5;3;1;1;0;0;1;1;0;0;1;0;0;1
845;0.14882643571058315;1;25;697396;0;791;1125;30;3;2;1;1;0;1;0;1;0;1;0;0;0;0
846;0.14882643571058315;0;58;174802;3;625;4599;8;12;3;1;0;0;1;0;1;0;0;1;0;0;1
847;0.14882643571058315;0;52;613023;5;711;6879;25;5;2;1;1;0;0;0;0;1;0;0;0;1;0
848;0.14882643571058315;0;49;182562;0;475;8040;9;8;1;0;1;0;0;0;0;1;0;1;0;0;0
849;0.14882643571058315;0;41;102228;3;786;2685;12;11;5;1;0;0;0;1;0;0;1;0;0;0;0
850;0.14882643571058315;0;55;535086;0;413;6134;27;10;3;1;0;0;1;0;0;1;0;0;1;0;0
851;0.14882643571058315;0;50;882341;0;474;9616;10;7;6;0;0;0;1;0;1;0;0;0;0;0;0
852;0.14882643571058315;1;32;824821;1;638;8883;9;11;2;1;0;1;0;0;0;0;1;0;1;0;0
853;0.14882643571058315;0;39;20246;3;472;1987;17;12;5;0;0;1;0;0;1;0;1;0;0;1;0
854;0.14882643571058315;0;58;740596;3;732;6363;9;6;3;0;0;0;0;0;0;1;1;0;0;0;1
855;0.14018892878938405;0;49;218435;3;725;4623;19;2;6;0;1;0;0;1;1;0;0;0;0;0;1
856;0.14882643571058315;0;20;867923;3;643;3585;21;7;3;0;0;0;0;1;0;1;1;0;0;0;1
857;0.14882643571058315;1;63;927981;5;679;6408;5;10;2;0;1;1;0;0;1;0;1;0;0;0;1
858;0.14018892878938405;0;51;627458;5;502;5760;22;2;2;1;1;0;1;0;1;0;1;0;1;0;0
859;0.14882643571058315;0;78;639086;4;321;8471;20;4;2;0;1;0;0;1;1;0;0;1;0;0;1
860;0.14882643571058315;0;62;460815;3;482;2994;5;10;2;1;0;0;0;1;1;0;0;0;0;0;1
861;0.14882643571058315;1;43;223114;0;358;3510;19;7;1;1;0;0;1;0;0;1;0;0;1;0;0
862;0.14882643571058315;1;18;651688;4;795;1589;19;7;1;1;0;1;0;0;0;1;1;0;1;0;0
863;0.14882643571058315;0;27;638668;2;836;4568;18;7;0;0;0;0;0;0;0;0;0;1;1;0;0
864;0.14882643571058315;0;65;388937;0;365;7027;25;4;0;0;1;1;0;0;0;1;0;0;0;0;1
865;0.14882643571058315;0;79;345636;2;542;6599;11;9;6;1;1;0;1;0;1;0;0;1;0;0;0
866;0.14018892878938405;0;60;930279;1;709;3395;2;2;3;1;1;0;0;0;0;1;0;0;0;0;1
867;0.14882643571058315;1;21;287187;3;560;2354;22;3;1;1;0;0;0;0;1;0;0;0;0;0;0
868;0.14882643571058315;0;67;248041;4;616;8835;18;4;0;1;1;0;0;0;0;0;0;0;0;0;0
869;0.14882643571058315;0;25;371091;1;629;3235;26;12;0;1;1;1;0;0;0;1;0;1;0;0;1
870;0.14018892878938405;0;25;82412;1;599;1012;28;1;5;0;1;1;0;0;0;0;0;1;1;0;0
871;0.14882643571058315;0;48;217171;2;562;2626;30;3;2;1;0;0;0;1;1;0;1;0;0;0;1
872;0.14882643571058315;0;25;92200;0;620;6409;14;3;0;0;0;0;0;1;0;1;1;0;0;0;0
873;0.14882643571058315;0;29;591776;3;740;1321;20;8;5;0;1;1;0;0;1;0;1;0;0;1;0
874;0.14882643571058315;0;42;790229;3;688;7565;18;5;2;1;0;0;1;0;0;0;1;0;0;0;0
875;0.14882643571058315;1;33;928620;4;526;3060;13;4;2;1;1;0;0;0;1;0;0;0;1;0;0
876;0.14882643571058315;0;65;265472;5;418;8353;1;7;4;0;1;0;1;0;0;1;0;0;0;0;1
877;0.14882643571058315;0;22;49548;3;404;8909;1;10;5;0;0;0;0;0;0;0;1;0;0;0;1
878;0.14882643571058315;0;54;635489;2;421;5590;26;7;1;1;0;0;0;0;0;0;1;0;0;0;1
879;0.14882643571058315;0;26;301922;0;579;4432;2;3;3;0;0;1;0;0;0;1;0;0;0;0;0
880;0.14882643571058315;0;26;380923;4;455;2530;31;5;1;1;0;0;0;0;0;1;1;0;0;0;1
881;0.14882643571058315;0;39;511444;4;689;5608;7;7;3;1;0;1;0;0;1;0;0;1;0;1;0
882;0.14882643571058315;0;59;62714;5;383;9590;28;12;2;0;1;0;1;0;0;1;1;0;0;0;0
883;0.14882643571058315;1;71;661091;3;751;5148;25;9;6;1;1;0;0;1;1;0;1;0;0;0;1
884;0.14882643571058315;0;71;947310;3;441;2508;18;4;0;0;0;0;0;1;0;1;0;1;1;0;0
885;0.14882643571058315;0;24;68318;5;723;1336;10;12;5;0;1;0;0;0;0;0;0;1;0;0;0
886;0.14882643571058315;0;65;598516;3;718;5530;14;5;5;1;1;0;1;0;1;0;1;0;0;0;0
887;0.14882643571058315;1;47;485591;1;337;4384;25;7;0;0;1;1;0;0;0;1;1;0;0;0;1
888;0.14882643571058315;1;19;33697;3;464;9386;1;7;4;1;1;1;0;0;1;0;1;0;0;0;0
889;0.14882643571058315;0;46;116240;5;589;1393;10;8;2;1;1;0;0;0;0;0;0;1;1;0;0
890;0.14882643571058315;0;73;892311;3;682;1196;3;7;6;0;0;0;1;0;1;0;0;0;0;1;0
891;0.14882643571058315;0;48;619823;3;786;4898;11;9;6;1;0;1;0;0;1;0;1;0;0;0;0
892;0.14882643571058315;0;31;233525;2;628;4450;3;9;5;1;0;0;0;1;0;1;1;0;0;0;0
893;0.14882643571058315;0;62;177659;1;710;9353;9;7;5;0;1;0;1;0;0;1;1;0;0;0;1
894;0.14882643571058315;0;80;33212;1;809;4755;31;5;1;1;0;0;1;0;0;0;1;0;0;0;1
895;0.14882643571058315;0;31;225421;4;620;3252;1;7;4;0;0;0;0;1;0;0;1;0;1;0;0
896;0.14882643571058315;0;42;533186;1;356;8159;3;5;1;1;0;1;0;0;0;1;1;0;0;0;0
897;0.14882643571058315;0;75;950642;5;751;7020;6;9;1;1;0;1;0;0;0;0;0;0;0;0;0
898;0.14882643571058315;0;32;473507;0;348;9132;30;11;2;1;0;1;0;0;0;1;0;0;0;1;0
899;0.14882643571058315;0;41;252538;1;512;8704;27;8;5;0;0;0;0;1;0;0;1;0;0;0;0
